Year,League,Division,Team,Wins,Losses,Ties,WP,GB,Payroll
1876,NL,Standard,Chicago White Stockings,52,14,,.788,0,
1876,NL,Standard,St. Louis Brown Stockings,45,19,,.703,6,
1876,NL,Standard,Hartford Dark Blues,47,21,,.691,6,
1876,NL,Standard,Boston Red Caps,39,31,,.557,15,
1876,NL,Standard,Louisville Grays,30,36,,.455,22,
1876,NL,Standard,New York Mutuals,21,35,,.375,26,
1876,NL,Standard,Philadelphia Athletics,14,45,,.237,34½,
1876,NL,Standard,Cincinnati Reds,9,56,,.138,42½,
1877,NL,Standard,Boston Red Caps,42,18,,.700,0,
1877,NL,Standard,Louisville Grays,35,25,,.583,7,
1877,NL,Standard,Hartford Dark Blues,31,27,,.534,10,
1877,NL,Standard,St. Louis Brown Stockings,28,32,,.467,14,
1877,NL,Standard,Chicago White Stockings,26,33,,.441,15½,
1877,NL,Standard,Cincinnati Reds,15,42,,.263,25½,
1878,NL,Standard,Boston Red Caps,41,19,,.683,0,
1878,NL,Standard,Cincinnati Reds,37,23,,.617,4,
1878,NL,Standard,Providence Grays,33,27,,.550,8,
1878,NL,Standard,Chicago White Stockings,30,30,,.500,11,
1878,NL,Standard,Indianapolis Blues,24,36,,.400,17,
1878,NL,Standard,Milwaukee Grays,15,45,,.250,26,
1879,NL,Standard,Providence Grays,59,25,,.702,0,
1879,NL,Standard,Boston Red Caps,54,30,,.643,5,
1879,NL,Standard,Buffalo Bisons,46,32,,.590,10,
1879,NL,Standard,Chicago White Stockings,46,33,,.582,10½,
1879,NL,Standard,Cincinnati Reds,43,37,,.538,14,
1879,NL,Standard,Cleveland Blues,27,55,,.329,31,
1879,NL,Standard,Syracuse Stars,22,48,,.314,30,
1879,NL,Standard,Troy Trojans,19,56,,.253,35½,
1880,NL,Standard,Chicago White Stockings,67,17,,.798,0,
1880,NL,Standard,Providence Grays,52,32,,.619,15,
1880,NL,Standard,Cleveland Blues,47,37,,.560,20,
1880,NL,Standard,Troy Trojans,41,42,,.494,25½,
1880,NL,Standard,Worcester Ruby Legs,40,43,,.482,26½,
1880,NL,Standard,Boston Red Caps,40,44,,.476,27,
1880,NL,Standard,Buffalo Bisons,24,58,,.293,42,
1880,NL,Standard,Cincinnati Reds,21,59,,.263,44,
1881,NL,Standard,Chicago White Stockings,56,28,,.667,0,
1881,NL,Standard,Providence Grays,47,37,,.560,9,
1881,NL,Standard,Buffalo Bisons,45,38,,.542,10½,
1881,NL,Standard,Detroit Wolverines,41,43,,.488,15,
1881,NL,Standard,Troy Trojans,39,45,,.464,17,
1881,NL,Standard,Boston Red Caps,38,45,,.458,17½,
1881,NL,Standard,Cleveland Blues,36,48,,.429,20,
1881,NL,Standard,Worcester Ruby Legs,32,50,,.390,23,
1882,NL,Standard,Chicago White Stockings,55,29,,.655,0,
1882,NL,Standard,Providence Grays,52,32,,.619,3,
1882,NL,Standard,Buffalo Bisons,45,39,,.536,10,
1882,NL,Standard,Boston Red Caps,45,39,,.536,10,
1882,NL,Standard,Cleveland Blues,42,40,,.512,12,
1882,NL,Standard,Detroit Wolverines,42,41,,.506,12½,
1882,NL,Standard,Troy Trojans,35,48,,.422,19½,
1882,NL,Standard,Worcester Ruby Legs,18,66,,.214,37,
1883,NL,Standard,Boston Beaneaters,63,35,,.643,0,
1883,NL,Standard,Chicago White Stockings,59,39,,.602,4,
1883,NL,Standard,Providence Grays,58,40,,.592,5,
1883,NL,Standard,Cleveland Blues,55,42,,.567,7½,
1883,NL,Standard,Buffalo Bisons,52,45,,.536,10½,
1883,NL,Standard,New York Gothams,46,50,,.479,16,
1883,NL,Standard,Detroit Wolverines,40,58,,.408,23,
1883,NL,Standard,Philadelphia Phillies,17,81,,.173,46,
1884,NL,Standard,Providence Grays,84,28,,.750,0,
1884,NL,Standard,Boston Beaneaters,73,38,,.658,10½,
1884,NL,Standard,Buffalo Bisons,64,47,,.577,19½,
1884,NL,Standard,New York Gothams,62,50,,.554,22,
1884,NL,Standard,Chicago White Stockings,62,50,,.554,22,
1884,NL,Standard,Philadelphia Phillies,39,73,,.348,45,
1884,NL,Standard,Cleveland Blues,35,77,,.313,49,
1884,NL,Standard,Detroit Wolverines,28,84,,.250,56,
1885,NL,Standard,Chicago White Stockings,87,25,,.777,0,
1885,NL,Standard,New York Giants,85,27,,.759,2,
1885,NL,Standard,Philadelphia Phillies,56,54,,.509,30,
1885,NL,Standard,Providence Grays,53,57,,.482,33,
1885,NL,Standard,Boston Beaneaters,46,66,,.411,41,
1885,NL,Standard,Detroit Wolverines,41,67,,.380,44,
1885,NL,Standard,Buffalo Bisons,38,74,,.339,49,
1885,NL,Standard,St. Louis Maroons,36,72,,.333,49,
1886,NL,Standard,Chicago White Stockings,90,34,,.726,0,
1886,NL,Standard,Detroit Wolverines,87,36,,.707,2½,
1886,NL,Standard,New York Giants,75,44,,.630,12½,
1886,NL,Standard,Philadelphia Phillies,71,43,,.623,14,
1886,NL,Standard,Boston Beaneaters,56,61,,.479,30½,
1886,NL,Standard,St. Louis Maroons,43,79,,.352,46,
1886,NL,Standard,Kansas City Cowboys,30,91,,.248,58½,
1886,NL,Standard,Washington Senators,28,92,,.233,60,
1887,NL,Standard,Detroit Wolverines,79,45,,.637,0,
1887,NL,Standard,Philadelphia Phillies,75,48,,.610,3½,
1887,NL,Standard,Chicago White Stockings,71,50,,.587,6½,
1887,NL,Standard,New York Giants,68,55,,.553,10½,
1887,NL,Standard,Boston Beaneaters,61,60,,.504,16½,
1887,NL,Standard,Pittsburgh Alleghenys,55,69,,.444,24,
1887,NL,Standard,Washington Senators,46,76,,.377,32,
1887,NL,Standard,Indianapolis Hoosiers,37,89,,.294,43,
1888,NL,Standard,New York Giants,84,47,,.641,0,
1888,NL,Standard,Chicago White Stockings,77,58,,.570,9,
1888,NL,Standard,Philadelphia Phillies,69,61,,.531,14½,
1888,NL,Standard,Boston Beaneaters,70,64,,.522,15½,
1888,NL,Standard,Detroit Wolverines,68,63,,.519,16,
1888,NL,Standard,Pittsburgh Alleghenys,66,68,,.493,19½,
1888,NL,Standard,Indianapolis Hoosiers,50,85,,.370,36,
1888,NL,Standard,Washington Senators,48,86,,.358,37½,
1889,NL,Standard,New York Giants,83,43,,.659,0,
1889,NL,Standard,Boston Beaneaters,83,45,,.648,1,
1889,NL,Standard,Chicago White Stockings,67,65,,.508,19,
1889,NL,Standard,Philadelphia Phillies,63,64,,.496,20½,
1889,NL,Standard,Pittsburgh Alleghenys,61,71,,.462,25,
1889,NL,Standard,Cleveland Spiders,61,72,,.459,25½,
1889,NL,Standard,Indianapolis Hoosiers,59,75,,.440,28,
1889,NL,Standard,Washington Senators,41,83,,.331,41,
1890,NL,Standard,Brooklyn Bridegrooms,86,43,,0,.667,
1890,NL,Standard,Chicago Colts,83,53,,2,.613,
1890,NL,Standard,Philadelphia Phillies,78,53,,1,.591,
1890,NL,Standard,Cincinnati Reds,77,55,,2,.583,
1890,NL,Standard,Boston Beaneaters,76,57,,1,.571,
1890,NL,Standard,New York Giants,63,68,,4,.481,
1890,NL,Standard,Cleveland Spiders,44,88,,4,.333,
1890,NL,Standard,Pittsburgh Alleghenys,23,113,,2,.169,
1891,NL,Standard,Boston Beaneaters,87,51,,.630,0,
1891,NL,Standard,Chicago Colts,82,53,,.607,3½,
1891,NL,Standard,New York Giants,71,61,,.538,13,
1891,NL,Standard,Philadelphia Phillies,68,69,,.496,18½,
1891,NL,Standard,Cleveland Spiders,65,74,,.468,22½,
1891,NL,Standard,Brooklyn Bridegrooms,61,76,,.455,25½,
1891,NL,Standard,Cincinnati Reds,56,81,,.409,30½,
1891,NL,Standard,Pittsburgh Pirates,55,80,,.407,30½,
1893,NL,Standard,Boston Beaneaters,86,43,,.667,0,
1893,NL,Standard,Pittsburgh Pirates,81,48,,.628,5,
1893,NL,Standard,Cleveland Spiders,73,55,,.570,12½,
1893,NL,Standard,Philadelphia Phillies,72,57,,.558,14,
1893,NL,Standard,New York Giants,68,64,,.515,19½,
1893,NL,Standard,Cincinnati Reds,65,63,,.508,20½,
1893,NL,Standard,Brooklyn Bridegrooms,65,63,,.508,20½,
1893,NL,Standard,Baltimore Orioles,60,70,,.462,26½,
1893,NL,Standard,Chicago Colts,56,71,,.441,29,
1893,NL,Standard,St. Louis Browns,57,75,,.432,30½,
1893,NL,Standard,Louisville Colonels,50,75,,.400,34,
1893,NL,Standard,Washington Senators,40,89,,.310,46,
1894,NL,Standard,Baltimore Orioles,89,39,,.695,0,
1894,NL,Standard,New York Giants,88,44,,.667,3,
1894,NL,Standard,Boston Beaneaters,83,49,,.629,8,
1894,NL,Standard,Philadelphia Phillies,71,57,,.555,18,
1894,NL,Standard,Brooklyn Bridegrooms,70,61,,.534,20½,
1894,NL,Standard,Cleveland Spiders,68,61,,.527,21½,
1894,NL,Standard,Pittsburgh Pirates,65,65,,.500,25,
1894,NL,Standard,Chicago Colts,57,75,,.432,34,
1894,NL,Standard,St. Louis Browns,56,76,,.424,35,
1894,NL,Standard,Cincinnati Reds,55,75,,.423,35,
1894,NL,Standard,Washington Senators,45,87,,.341,46,
1894,NL,Standard,Louisville Colonels,36,94,,.277,54,
1895,NL,Standard,Baltimore Orioles,87,43,,2,.669,
1895,NL,Standard,Cleveland Spiders,84,46,,1,.646,
1895,NL,Standard,Philadelphia Phillies,78,53,,2,.595,
1895,NL,Standard,Chicago Colts,72,58,,3,.554,
1895,NL,Standard,Brooklyn Bridegrooms,71,60,,2,.542,
1895,NL,Standard,Boston Beaneaters,71,60,,1,.542,
1895,NL,Standard,Pittsburgh Pirates,71,61,,3,.538,
1895,NL,Standard,Cincinnati Reds,66,64,,2,.508,
1895,NL,Standard,New York Giants,66,65,,1,.504,
1895,NL,Standard,Washington Senators,43,85,,4,.336,
1895,NL,Standard,St. Louis Browns,39,92,,5,.298,
1895,NL,Standard,Louisville Colonels,35,96,,2,.267,
1896,NL,Standard,Baltimore Orioles,90,39,,.698,0,
1896,NL,Standard,Cleveland Spiders,80,48,,.625,9½,
1896,NL,Standard,Cincinnati Reds,77,50,,.606,12,
1896,NL,Standard,Boston Beaneaters,74,57,,.565,17,
1896,NL,Standard,Chicago Colts,71,57,,.555,18½,
1896,NL,Standard,Pittsburgh Pirates,66,63,,.512,24,
1896,NL,Standard,New York Giants,64,67,,.489,27,
1896,NL,Standard,Philadelphia Phillies,62,68,,.477,28½,
1896,NL,Standard,Washington Senators,58,73,,.443,33,
1896,NL,Standard,Brooklyn Bridegrooms,58,73,,.443,33,
1896,NL,Standard,St. Louis Browns,40,90,,.308,50½,
1896,NL,Standard,Louisville Colonels,38,93,,.290,53,
1897,NL,Standard,Boston Beaneaters,93,39,,3,.705,
1897,NL,Standard,Baltimore Orioles,90,40,,6,.692,
1897,NL,Standard,New York Giants,83,48,,7,.634,
1897,NL,Standard,Cincinnati Reds,76,56,,2,.576,
1897,NL,Standard,Cleveland Spiders,69,62,,1,.527,
1897,NL,Standard,Washington Senators,61,71,,4,.462,
1897,NL,Standard,Brooklyn Bridegrooms,61,71,,3,.462,
1897,NL,Standard,Pittsburgh Pirates,60,71,,4,.458,
1897,NL,Standard,Chicago Colts,59,73,,6,.447,
1897,NL,Standard,Philadelphia Phillies,55,77,,2,.417,
1897,NL,Standard,Louisville Colonels,52,78,,6,.400,
1897,NL,Standard,St. Louis Browns,29,102,,2,.221,
1898,NL,Standard,Boston Beaneaters,102,47,,.685,0,
1898,NL,Standard,Baltimore Orioles,96,53,,.644,6,
1898,NL,Standard,Cincinnati Reds,92,60,,.605,11½,
1898,NL,Standard,Chicago Orphans,85,65,,.567,17½,
1898,NL,Standard,Cleveland Spiders,81,68,,.544,21,
1898,NL,Standard,Philadelphia Phillies,78,71,,.523,24,
1898,NL,Standard,New York Giants,77,73,,.513,25½,
1898,NL,Standard,Pittsburgh Pirates,72,76,,.486,29½,
1898,NL,Standard,Louisville Colonels,70,81,,.464,33,
1898,NL,Standard,Brooklyn Bridegrooms,54,91,,.372,52½,
1898,NL,Standard,Washington Senators,51,101,,.336,52½,
1898,NL,Standard,St. Louis Browns,39,111,,.260,63½,
1899,NL,Standard,Brooklyn Superbas,101,47,,2,.682,
1899,NL,Standard,Boston Beaneaters,95,57,,1,.625,
1899,NL,Standard,Philadelphia Phillies,94,58,,2,.618,
1899,NL,Standard,Baltimore Orioles,86,62,,4,.581,
1899,NL,Standard,St. Louis Perfectos,84,67,,4,.556,
1899,NL,Standard,Cincinnati Reds,83,67,,7,.553,
1899,NL,Standard,Pittsburgh Pirates,76,73,,5,.510,
1899,NL,Standard,Chicago Orphans,75,73,,4,.507,
1899,NL,Standard,Louisville Colonels,75,77,,3,.493,
1899,NL,Standard,New York Giants,60,90,,3,.400,
1899,NL,Standard,Washington Senators,54,98,,3,.355,
1899,NL,Standard,Cleveland Spiders,20,134,,0,.130,
1900,NL,Standard,Brooklyn Superbas,82,54,,.603,0,
1900,NL,Standard,Pittsburgh Pirates,79,60,,.568,4½,
1900,NL,Standard,Philadelphia Phillies,75,63,,.543,8,
1900,NL,Standard,Boston Beaneaters,66,72,,.478,17,
1900,NL,Standard,St. Louis Cardinals,65,75,,.464,19,
1900,NL,Standard,Chicago Orphans,65,75,,.464,19,
1900,NL,Standard,Cincinnati Reds,62,77,,.446,21½,
1900,NL,Standard,New York Giants,60,78,,.435,23,
1901,NL,Standard,Pittsburgh Pirates,90,49,,.647,0,
1901,NL,Standard,Philadelphia Phillies,83,57,,.593,7½,
1901,NL,Standard,Brooklyn Superbas,79,57,,.581,9½,
1901,NL,Standard,St. Louis Cardinals,76,64,,.543,14½,
1901,NL,Standard,Boston Beaneaters,69,69,,.500,20½,
1901,NL,Standard,Chicago Orphans,53,86,,.381,37,
1901,NL,Standard,New York Giants,52,85,,.380,37,
1901,NL,Standard,Cincinnati Reds,52,87,,.374,38,
1902,NL,Standard,Pittsburgh Pirates,103,36,,.741,0,
1902,NL,Standard,Brooklyn Superbas,75,63,,.543,27½,
1902,NL,Standard,Boston Beaneaters,73,64,,.533,29,
1902,NL,Standard,Cincinnati Reds,70,70,,.500,33½,
1902,NL,Standard,Chicago Cubs,68,69,,.496,34,
1902,NL,Standard,St. Louis Cardinals,56,78,,.418,44½,
1902,NL,Standard,Philadelphia Phillies,56,81,,.409,46,
1902,NL,Standard,New York Giants,48,88,,.353,53½,
1903,NL,Standard,Pittsburgh Pirates,91,49,,.650,0,
1903,NL,Standard,New York Giants,84,55,,.604,6½,
1903,NL,Standard,Chicago Cubs,82,56,,.594,8,
1903,NL,Standard,Cincinnati Reds,74,65,,.532,16½,
1903,NL,Standard,Brooklyn Superbas,70,66,,.515,19,
1903,NL,Standard,Boston Beaneaters,58,80,,.420,32,
1903,NL,Standard,Philadelphia Phillies,49,86,,.363,39½,
1903,NL,Standard,St. Louis Cardinals,43,94,,.314,46½,
1904,NL,Standard,New York Giants,106,47,,.693,0,
1904,NL,Standard,Chicago Cubs,93,60,,.608,13,
1904,NL,Standard,Cincinnati Reds,88,65,,.575,18,
1904,NL,Standard,Pittsburgh Pirates,87,66,,.569,19,
1904,NL,Standard,St. Louis Cardinals,75,79,,.487,31½,
1904,NL,Standard,Brooklyn Superbas,56,97,,.366,50,
1904,NL,Standard,Boston Beaneaters,55,98,,.359,51,
1904,NL,Standard,Philadelphia Phillies,52,100,,.342,53½,
1905,NL,Standard,New York Giants,105,48,,.686,0,
1905,NL,Standard,Pittsburgh Pirates,96,57,,.627,9,
1905,NL,Standard,Chicago Cubs,92,61,,.601,13,
1905,NL,Standard,Philadelphia Phillies,83,69,,.546,21½,
1905,NL,Standard,Cincinnati Reds,79,74,,.516,26,
1905,NL,Standard,St. Louis Cardinals,58,96,,.377,47½,
1905,NL,Standard,Boston Beaneaters,51,103,,.331,54½,
1905,NL,Standard,Brooklyn Superbas,48,104,,.316,56½,
1906,NL,Standard,Chicago Cubs,116,36,,.763,0,
1906,NL,Standard,New York Giants,96,56,,.632,20,
1906,NL,Standard,Pittsburgh Pirates,93,60,,.608,23½,
1906,NL,Standard,Philadelphia Phillies,71,82,,.464,45½,
1906,NL,Standard,Brooklyn Superbas,66,86,,.434,50,
1906,NL,Standard,Cincinnati Reds,64,87,,.424,51½,
1906,NL,Standard,St. Louis Cardinals,52,98,,.347,63,
1906,NL,Standard,Boston Beaneaters,49,102,,.325,66½,
1907,NL,Standard,Chicago Cubs,107,45,,3,.704,
1907,NL,Standard,Pittsburgh Pirates,91,63,,3,.591,
1907,NL,Standard,Philadelphia Phillies,83,64,,2,.565,
1907,NL,Standard,New York Giants,82,71,,2,.536,
1907,NL,Standard,Brooklyn Superbas,65,83,,5,.439,
1907,NL,Standard,Cincinnati Reds,66,87,,3,.431,
1907,NL,Standard,Boston Doves,58,90,,4,.392,
1907,NL,Standard,St. Louis Cardinals,52,101,,2,.340,
1908,NL,Standard,Chicago Cubs,99,55,,.643,0,
1908,NL,Standard,Pittsburgh Pirates,98,56,,.636,1,
1908,NL,Standard,New York Giants,98,56,,.636,1,
1908,NL,Standard,Philadelphia Phillies,83,71,,.539,16,
1908,NL,Standard,Cincinnati Reds,73,81,,.474,26,
1908,NL,Standard,Boston Doves,63,91,,.409,36,
1908,NL,Standard,Brooklyn Superbas,53,101,,.344,46,
1908,NL,Standard,St. Louis Cardinals,49,105,,.318,50,
1909,NL,Standard,Pittsburgh Pirates,110,42,,.724,0,
1909,NL,Standard,Chicago Cubs,104,49,,.680,6½,
1909,NL,Standard,New York Giants,92,61,,.601,18½,
1909,NL,Standard,Cincinnati Reds,77,76,,.503,33½,
1909,NL,Standard,Philadelphia Phillies,74,79,,.484,36½,
1909,NL,Standard,Brooklyn Superbas,55,98,,.359,55½,
1909,NL,Standard,St. Louis Cardinals,54,98,,.355,56,
1909,NL,Standard,Boston Doves,45,108,,.294,65½,
1910,NL,Standard,Chicago Cubs,104,50,,.675,0,
1910,NL,Standard,New York Giants,91,63,,.591,13,
1910,NL,Standard,Pittsburgh Pirates,86,67,,.562,17½,
1910,NL,Standard,Philadelphia Phillies,78,75,,.510,25½,
1910,NL,Standard,Cincinnati Reds,75,79,,.487,29,
1910,NL,Standard,Brooklyn Superbas,64,90,,.416,40,
1910,NL,Standard,St. Louis Cardinals,63,90,,.412,40½,
1910,NL,Standard,Boston Doves,53,100,,.346,50½,
1911,NL,Standard,New York Giants,99,54,,.647,0,
1911,NL,Standard,Chicago Cubs,92,62,,.597,7½,
1911,NL,Standard,Pittsburgh Pirates,85,69,,.552,14½,
1911,NL,Standard,Philadelphia Phillies,79,73,,.520,19½,
1911,NL,Standard,St. Louis Cardinals,75,74,,.503,22,
1911,NL,Standard,Cincinnati Reds,70,83,,.458,29,
1911,NL,Standard,Brooklyn Superbas,64,86,,.427,33½,
1911,NL,Standard,Boston Rustlers,44,107,,.291,54,
1912,NL,Standard,New York Giants,103,48,,.682,0,
1912,NL,Standard,Pittsburgh Pirates,93,58,,.616,10,
1912,NL,Standard,Chicago Cubs,91,59,,.607,11½,
1912,NL,Standard,Cincinnati Reds,75,78,,.490,29,
1912,NL,Standard,Philadelphia Phillies,73,79,,.480,30½,
1912,NL,Standard,St. Louis Cardinals,63,90,,.412,41,
1912,NL,Standard,Brooklyn Superbas,58,95,,.379,46,
1912,NL,Standard,Boston Braves,52,101,,.340,52,
1913,NL,Standard,New York Giants,101,51,,.664,0,
1913,NL,Standard,Philadelphia Phillies,88,63,,.583,12½,
1913,NL,Standard,Chicago Cubs,88,65,,.575,13½,
1913,NL,Standard,Pittsburgh Pirates,78,71,,.523,21½,
1913,NL,Standard,Boston Braves,69,82,,.457,31½,
1913,NL,Standard,Brooklyn Superbas,65,84,,.436,34½,
1913,NL,Standard,Cincinnati Reds,64,89,,.418,37½,
1913,NL,Standard,St. Louis Cardinals,51,99,,.340,49,
1914,NL,Standard,Boston Braves,94,59,,.614,0,
1914,NL,Standard,New York Giants,84,70,,.545,10½,
1914,NL,Standard,St. Louis Cardinals,81,72,,.529,13,
1914,NL,Standard,Chicago Cubs,78,76,,.506,16½,
1914,NL,Standard,Brooklyn Robins,75,79,,.487,19½,
1914,NL,Standard,Philadelphia Phillies,74,80,,.481,20½,
1914,NL,Standard,Pittsburgh Pirates,69,85,,.448,25½,
1914,NL,Standard,Cincinnati Reds,60,94,,.390,34½,
1915,NL,Standard,Philadelphia Phillies,90,62,,.592,0,
1915,NL,Standard,Boston Braves,83,69,,.546,7,
1915,NL,Standard,Brooklyn Robins,80,72,,.526,10,
1915,NL,Standard,Chicago Cubs,73,80,,.477,17½,
1915,NL,Standard,Pittsburgh Pirates,73,81,,.474,18,
1915,NL,Standard,St. Louis Cardinals,72,81,,.471,18½,
1915,NL,Standard,Cincinnati Reds,71,83,,.461,20,
1915,NL,Standard,New York Giants,69,83,,.454,21,
1916,NL,Standard,Brooklyn Robins,94,60,,.610,0,
1916,NL,Standard,Philadelphia Phillies,91,62,,.595,2½,
1916,NL,Standard,Boston Braves,89,63,,.586,4,
1916,NL,Standard,New York Giants,86,66,,.566,7,
1916,NL,Standard,Chicago Cubs,67,86,,.438,26½,
1916,NL,Standard,Pittsburgh Pirates,65,89,,.422,29,
1916,NL,Standard,St. Louis Cardinals,60,93,,.392,33½,
1916,NL,Standard,Cincinnati Reds,60,93,,.392,33½,
1917,NL,Standard,New York Giants,98,56,,.636,0,
1917,NL,Standard,Philadelphia Phillies,87,65,,.572,10,
1917,NL,Standard,St. Louis Cardinals,82,70,,.539,15,
1917,NL,Standard,Cincinnati Reds,78,76,,.506,20,
1917,NL,Standard,Chicago Cubs,74,80,,.481,24,
1917,NL,Standard,Boston Braves,72,81,,.471,25½,
1917,NL,Standard,Brooklyn Robins,70,81,,.464,26½,
1917,NL,Standard,Pittsburgh Pirates,51,103,,.331,47,
1918,NL,Standard,Chicago Cubs,84,45,,2,.651,
1918,NL,Standard,New York Giants,71,53,,0,.573,
1918,NL,Standard,Cincinnati Reds,68,60,,1,.531,
1918,NL,Standard,Pittsburgh Pirates,65,60,,1,.520,
1918,NL,Standard,Brooklyn Robins,57,69,,0,.452,
1918,NL,Standard,Philadelphia Phillies,55,68,,2,.447,
1918,NL,Standard,Boston Braves,53,71,,0,.427,
1918,NL,Standard,St. Louis Cardinals,51,78,,2,.395,
1919,NL,Standard,Cincinnati Reds,96,44,,.686,0,
1919,NL,Standard,New York Giants,87,53,,.621,9,
1919,NL,Standard,Chicago Cubs,75,65,,.536,21,
1919,NL,Standard,Pittsburgh Pirates,71,68,,.511,24½,
1919,NL,Standard,Brooklyn Robins,69,71,,.493,27,
1919,NL,Standard,Boston Braves,57,82,,.410,38½,
1919,NL,Standard,St. Louis Cardinals,54,83,,.394,40½,
1919,NL,Standard,Philadelphia Phillies,47,90,,.343,47½,
1920,NL,Standard,Brooklyn Robins,93,61,,.604,0,
1920,NL,Standard,New York Giants,86,68,,.558,7,
1920,NL,Standard,Cincinnati Reds,82,71,,.536,10½,
1920,NL,Standard,Pittsburgh Pirates,79,75,,.513,14,
1920,NL,Standard,St. Louis Cardinals,75,79,,.487,18,
1920,NL,Standard,Chicago Cubs,75,79,,.487,18,
1920,NL,Standard,Boston Braves,62,90,,.408,30,
1920,NL,Standard,Philadelphia Phillies,62,91,,.405,30½,
1921,NL,Standard,New York Giants,94,59,,.614,0,
1921,NL,Standard,Pittsburgh Pirates,90,63,,.588,4,
1921,NL,Standard,St. Louis Cardinals,87,66,,.569,7,
1921,NL,Standard,Boston Braves,79,74,,.516,15,
1921,NL,Standard,Brooklyn Robins,77,75,,.507,16½,
1921,NL,Standard,Cincinnati Reds,70,83,,.458,24,
1921,NL,Standard,Chicago Cubs,64,89,,.418,30,
1921,NL,Standard,Philadelphia Phillies,51,103,,.331,43½,
1922,NL,Standard,New York Giants,93,61,,.604,0,
1922,NL,Standard,Cincinnati Reds,86,68,,.558,7,
1922,NL,Standard,St. Louis Cardinals,85,69,,.552,8,
1922,NL,Standard,Pittsburgh Pirates,85,69,,.552,8,
1922,NL,Standard,Chicago Cubs,80,74,,.519,13,
1922,NL,Standard,Brooklyn Robins,76,78,,.494,17,
1922,NL,Standard,Philadelphia Phillies,57,96,,.373,35½,
1922,NL,Standard,Boston Braves,53,100,,.346,39½,
1923,NL,Standard,New York Giants,95,58,,.621,0,
1923,NL,Standard,Cincinnati Reds,91,63,,.591,4½,
1923,NL,Standard,Pittsburgh Pirates,87,67,,.565,8½,
1923,NL,Standard,Chicago Cubs,83,71,,.539,12½,
1923,NL,Standard,St. Louis Cardinals,79,74,,.516,16,
1923,NL,Standard,Brooklyn Robins,76,78,,.494,19½,
1923,NL,Standard,Boston Braves,54,100,,.351,41½,
1923,NL,Standard,Philadelphia Phillies,50,104,,.325,45½,
1924,NL,Standard,New York Giants,93,60,,0,.608,
1924,NL,Standard,Brooklyn Robins,92,62,,0,.597,
1924,NL,Standard,Pittsburgh Pirates,90,63,,0,.588,
1924,NL,Standard,Cincinnati Reds,83,70,,0,.542,
1924,NL,Standard,Chicago Cubs,81,72,,0,.529,
1924,NL,Standard,St. Louis Cardinals,65,89,,0,.422,
1924,NL,Standard,Philadelphia Phillies,55,96,,1,.364,
1924,NL,Standard,Boston Braves,53,100,,1,.346,
1925,NL,Standard,Pittsburgh Pirates,95,58,,.621,0,
1925,NL,Standard,New York Giants,86,66,,.566,8½,
1925,NL,Standard,Cincinnati Reds,80,73,,.523,15,
1925,NL,Standard,St. Louis Cardinals,77,76,,.503,18,
1925,NL,Standard,Boston Braves,70,83,,.458,25,
1925,NL,Standard,Philadelphia Phillies,68,85,,.444,27,
1925,NL,Standard,Brooklyn Robins,68,85,,.444,27,
1925,NL,Standard,Chicago Cubs,68,86,,.442,27½,
1926,NL,Standard,St. Louis Cardinals,89,65,,.578,0,
1926,NL,Standard,Cincinnati Reds,87,67,,.565,2,
1926,NL,Standard,Pittsburgh Pirates,84,69,,.549,4½,
1926,NL,Standard,Chicago Cubs,82,72,,.532,7,
1926,NL,Standard,New York Giants,74,77,,.490,13½,
1926,NL,Standard,Brooklyn Robins,71,82,,.464,17½,
1926,NL,Standard,Boston Braves,66,86,,.434,22,
1926,NL,Standard,Philadelphia Phillies,58,93,,.384,29½,
1927,NL,Standard,Pittsburgh Pirates,94,60,,.610,0,
1927,NL,Standard,St.Louis Cardinals,92,61,,.601,1½,
1927,NL,Standard,New York Giants,92,62,,.597,2,
1927,NL,Standard,Chicago Cubs,85,68,,.556,8½,
1927,NL,Standard,Cincinnati Reds,75,78,,.490,18½,
1927,NL,Standard,Brooklyn Robins,65,88,,.425,28½,
1927,NL,Standard,Boston Braves,60,94,,.390,34,
1927,NL,Standard,Philadelphia Phillies,51,103,,.331,43,
1928,NL,Standard,St.Louis Cardinals,95,59,,.617,0,
1928,NL,Standard,New York Giants,93,61,,.604,2,
1928,NL,Standard,Chicago Cubs,91,63,,.591,4,
1928,NL,Standard,Pittsburgh Pirates,85,67,,.559,9,
1928,NL,Standard,Cincinnati Reds,78,74,,.513,16,
1928,NL,Standard,Brooklyn Robins,77,76,,.503,17½,
1928,NL,Standard,Boston Braves,50,103,,.327,44½,
1928,NL,Standard,Philadelphia Phillies,43,109,,.283,51,
1929,NL,Standard,Chicago Cubs,98,54,,.645,0,
1929,NL,Standard,Pittsburgh Pirates,88,65,,.575,10½,
1929,NL,Standard,New York Giants,84,67,,.556,13½,
1929,NL,Standard,St.Louis Cardinals,78,74,,.513,20,
1929,NL,Standard,Philadelphia Phillies,71,82,,.464,27½,
1929,NL,Standard,Brooklyn Robins,70,83,,.458,28½,
1929,NL,Standard,Cincinnati Reds,66,88,,.429,33,
1929,NL,Standard,Boston Braves,56,98,,.364,43,
1930,NL,Standard,St. Louis Cardinals,92,62,,.597,0,
1930,NL,Standard,Chicago Cubs,90,64,,.584,2,
1930,NL,Standard,New York Giants,87,67,,.565,5,
1930,NL,Standard,Brooklyn Robins,86,68,,.558,6,
1930,NL,Standard,Pittsburgh Pirates,80,74,,.519,12,
1930,NL,Standard,Boston Braves,70,84,,.455,22,
1930,NL,Standard,Cincinnati Reds,59,95,,.383,33,
1930,NL,Standard,Philadelphia Phillies,52,102,,.338,40,
1931,NL,Standard,St.Louis Cardinals,101,53,,.656,0,
1931,NL,Standard,New York Giants,87,65,,.572,13,
1931,NL,Standard,Chicago Cubs,84,70,,.545,17,
1931,NL,Standard,Brooklyn Robins,79,73,,.520,21,
1931,NL,Standard,Pittsburgh Pirates,75,79,,.487,26,
1931,NL,Standard,Philadelphia Phillies,66,88,,.429,35,
1931,NL,Standard,Boston Braves,64,90,,.416,37,
1931,NL,Standard,Cincinnati Reds,58,96,,.377,43,
1932,NL,Standard,Chicago Cubs,90,64,,.584,0,
1932,NL,Standard,Pittsburgh Pirates,86,68,,.558,4,
1932,NL,Standard,Brooklyn Dodgers,81,73,,.526,9,
1932,NL,Standard,Philadelphia Phillies,78,76,,.506,12,
1932,NL,Standard,Boston Braves,77,77,,.500,13,
1932,NL,Standard,St.Louis Cardinals,72,82,,.468,18,
1932,NL,Standard,New York Giants,72,82,,.468,18,
1932,NL,Standard,Cincinnati Reds,60,94,,.390,30,
1933,NL,Standard,New York Giants,91,61,,.599,0,
1933,NL,Standard,Pittsburgh Pirates,87,67,,.565,5,
1933,NL,Standard,Chicago Cubs,86,68,,.558,6,
1933,NL,Standard,Boston Braves,83,71,,.539,9,
1933,NL,Standard,St.Louis Cardinals,82,71,,.536,9½,
1933,NL,Standard,Brooklyn Dodgers,65,88,,.425,26½,
1933,NL,Standard,Philadelphia Phillies,60,92,,.395,31,
1933,NL,Standard,Cincinnati Reds,58,94,,.382,33,
1934,NL,Standard,St. Louis Cardinals,95,58,,.621,0,
1934,NL,Standard,New York Giants,93,60,,.608,2,
1934,NL,Standard,Chicago Cubs,86,65,,.570,8,
1934,NL,Standard,Boston Braves,78,73,,.517,16,
1934,NL,Standard,Pittsburgh Pirates,74,76,,.493,19½,
1934,NL,Standard,Brooklyn Dodgers,71,81,,.467,23½,
1934,NL,Standard,Philadelphia Phillies,56,93,,.376,37,
1934,NL,Standard,Cincinnati Reds,52,99,,.344,42,
1935,NL,Standard,Chicago Cubs,100,54,,.649,0,
1935,NL,Standard,St. Louis Cardinals,96,58,,.623,4,
1935,NL,Standard,New York Giants,91,62,,.595,8½,
1935,NL,Standard,Pittsburgh Pirates,86,67,,.562,13½,
1935,NL,Standard,Brooklyn Dodgers,70,83,,.458,29½,
1935,NL,Standard,Cincinnati Reds,68,85,,.444,31½,
1935,NL,Standard,Philadelphia Phillies,64,89,,.418,35½,
1935,NL,Standard,Boston Braves,38,115,,.248,61½,
1936,NL,Standard,New York Giants,92,62,,.597,0,
1936,NL,Standard,St. Louis Cardinals,87,67,,.565,5,
1936,NL,Standard,Chicago Cubs,87,67,,.565,5,
1936,NL,Standard,Pittsburgh Pirates,84,70,,.545,8,
1936,NL,Standard,Cincinnati Reds,74,80,,.481,18,
1936,NL,Standard,Boston Bees,71,83,,.461,21,
1936,NL,Standard,Brooklyn Dodgers,67,87,,.435,25,
1936,NL,Standard,Philadelphia Phillies,54,100,,.351,38,
1937,NL,Standard,New York Giants,95,57,,.625,0,
1937,NL,Standard,Chicago Cubs,93,61,,.604,3,
1937,NL,Standard,Pittsburgh Pirates,86,68,,.558,10,
1937,NL,Standard,St. Louis Cardinals,81,73,,.526,15,
1937,NL,Standard,Boston Bees,79,73,,.520,16,
1937,NL,Standard,Brooklyn Dodgers,62,91,,.405,33½,
1937,NL,Standard,Philadelphia Phillies,61,92,,.399,34½,
1937,NL,Standard,Cincinnati Reds,56,98,,.364,40,
1938,NL,Standard,Chicago Cubs,89,63,,.586,0,
1938,NL,Standard,Pittsburgh Pirates,86,64,,.573,2,
1938,NL,Standard,New York Giants,83,67,,.553,5,
1938,NL,Standard,Cincinnati Reds,82,68,,.547,6,
1938,NL,Standard,Boston Bees,77,75,,.507,12,
1938,NL,Standard,St. Louis Cardinals,71,80,,.470,17½,
1938,NL,Standard,Brooklyn Dodgers,69,80,,.463,18½,
1938,NL,Standard,Philadelphia Phillies,45,105,,.300,43,
1939,NL,Standard,Cincinnati Reds,97,57,,.630,0,
1939,NL,Standard,St. Louis Cardinals,92,61,,.601,4½,
1939,NL,Standard,Brooklyn Dodgers,84,69,,.549,12½,
1939,NL,Standard,Chicago Cubs,84,70,,.545,13,
1939,NL,Standard,New York Giants,77,74,,.510,18½,
1939,NL,Standard,Pittsburgh Pirates,68,85,,.444,28½,
1939,NL,Standard,Boston Bees,63,88,,.417,32½,
1939,NL,Standard,Philadelphia Phillies,45,106,,.298,50½,
1940,NL,Standard,Cincinnati Reds,100,53,,.654,0,
1940,NL,Standard,Brooklyn Dodgers,88,65,,.575,12,
1940,NL,Standard,St. Louis Cardinals,84,69,,.549,16,
1940,NL,Standard,Pittsburgh Pirates,78,76,,.506,22½,
1940,NL,Standard,Chicago Cubs,75,79,,.487,25½,
1940,NL,Standard,New York Giants,72,80,,.474,27½,
1940,NL,Standard,Boston Bees,65,87,,.428,34½,
1940,NL,Standard,Philadelphia Phillies,50,103,,.327,50,
1941,NL,Standard,Brooklyn Dodgers,100,54,,.649,0,
1941,NL,Standard,St. Louis Cardinals,97,56,,.634,2½,
1941,NL,Standard,Cincinnati Reds,88,66,,.571,12,
1941,NL,Standard,Pittsburgh Pirates,81,73,,.526,19,
1941,NL,Standard,New York Giants,74,79,,.484,25½,
1941,NL,Standard,Chicago Cubs,70,84,,.455,30,
1941,NL,Standard,Boston Braves,62,92,,.403,38,
1941,NL,Standard,Philadelphia Phillies,43,111,,.279,57,
1942,NL,Standard,St. Louis Cardinals,106,48,,.688,0,
1942,NL,Standard,Brooklyn Dodgers,104,50,,.675,2,
1942,NL,Standard,New York Giants,85,67,,.559,20,
1942,NL,Standard,Cincinnati Reds,76,76,,.500,29,
1942,NL,Standard,Pittsburgh Pirates,66,81,,.449,36½,
1942,NL,Standard,Chicago Cubs,68,86,,.442,38,
1942,NL,Standard,Boston Braves,59,89,,.399,44,
1942,NL,Standard,Philadelphia Phillies,42,109,,.278,62½,
1943,NL,Standard,St. Louis Cardinals,105,49,,.682,0,
1943,NL,Standard,Cincinnati Reds,87,67,,.565,18,
1943,NL,Standard,Brooklyn Dodgers,81,72,,.529,23½,
1943,NL,Standard,Pittsburgh Pirates,80,74,,.519,25,
1943,NL,Standard,Chicago Cubs,74,79,,.484,30½,
1943,NL,Standard,Boston Braves,68,85,,.444,36½,
1943,NL,Standard,Philadelphia Phillies,64,90,,.416,41,
1943,NL,Standard,New York Giants,55,98,,.359,49½,
1944,NL,Standard,St. Louis Cardinals,105,49,,.682,0,
1944,NL,Standard,Pittsburgh Pirates,90,63,,.588,14½,
1944,NL,Standard,Cincinnati Reds,89,65,,.578,16,
1944,NL,Standard,Chicago Cubs,75,79,,.487,30,
1944,NL,Standard,New York Giants,67,87,,.435,38,
1944,NL,Standard,Boston Braves,65,89,,.422,40,
1944,NL,Standard,Brooklyn Dodgers,63,91,,.409,42,
1944,NL,Standard,Philadelphia Phillies,61,92,,.399,43½,
1945,NL,Standard,Chicago Cubs,98,56,,.636,0,
1945,NL,Standard,St. Louis Cardinals,95,59,,.617,3,
1945,NL,Standard,Brooklyn Dodgers,87,67,,.565,11,
1945,NL,Standard,Pittsburgh Pirates,82,72,,.532,16,
1945,NL,Standard,New York Giants,78,74,,.513,19,
1945,NL,Standard,Boston Braves,67,85,,.441,30,
1945,NL,Standard,Cincinnati Reds,61,93,,.396,37,
1945,NL,Standard,Philadelphia Phillies,46,108,,.299,52,
1946,NL,Standard,St. Louis Cardinals,98,58,,.628,0,
1946,NL,Standard,Brooklyn Dodgers,96,60,,.615,2,
1946,NL,Standard,Chicago Cubs,82,71,,.536,14½,
1946,NL,Standard,Boston Braves,81,72,,.529,15½,
1946,NL,Standard,Philadelphia Phillies,69,85,,.448,28,
1946,NL,Standard,Cincinnati Reds,67,87,,.435,30,
1946,NL,Standard,Pittsburgh Pirates,63,91,,.409,34,
1946,NL,Standard,New York Giants,61,93,,.396,36,
1947,NL,Standard,Brooklyn Dodgers,94,60,,.610,0,
1947,NL,Standard,St. Louis Cardinals,89,65,,.578,5,
1947,NL,Standard,Boston Braves,86,68,,.558,8,
1947,NL,Standard,New York Giants,81,73,,.526,13,
1947,NL,Standard,Cincinnati Reds,73,81,,.474,21,
1947,NL,Standard,Chicago Cubs,69,85,,.448,25,
1947,NL,Standard,Philadelphia Phillies,62,92,,.403,32,
1947,NL,Standard,Pittsburgh Pirates,62,92,,.403,32,
1948,NL,Standard,Boston Braves,91,62,,.595,0,
1948,NL,Standard,St. Louis Cardinals,85,69,,.552,6½,
1948,NL,Standard,Brooklyn Dodgers,84,70,,.545,7½,
1948,NL,Standard,Pittsburgh Pirates,83,71,,.539,8½,
1948,NL,Standard,New York Giants,78,76,,.506,13½,
1948,NL,Standard,Philadelphia Phillies,66,88,,.429,25½,
1948,NL,Standard,Cincinnati Reds,64,89,,.418,27,
1948,NL,Standard,Chicago Cubs,64,90,,.416,27½,
1949,NL,Standard,Brooklyn Dodgers,97,57,,.630,0,
1949,NL,Standard,St. Louis Cardinals,96,58,,.623,1,
1949,NL,Standard,Philadelphia Phillies,81,73,,.526,16,
1949,NL,Standard,Boston Braves,75,79,,.487,22,
1949,NL,Standard,New York Giants,73,81,,.474,24,
1949,NL,Standard,Pittsburgh Pirates,71,83,,.461,26,
1949,NL,Standard,Cincinnati Reds,62,92,,.403,35,
1949,NL,Standard,Chicago Cubs,61,93,,.396,36,
1950,NL,Standard,Philadelphia Phillies,91,63,,.591,0,
1950,NL,Standard,Brooklyn Dodgers,89,65,,.578,2,
1950,NL,Standard,New York Giants,86,68,,.558,5,
1950,NL,Standard,Boston Braves,83,71,,.539,8,
1950,NL,Standard,St. Louis Cardinals,78,75,,.510,12½,
1950,NL,Standard,Cincinnati Reds,66,87,,.431,24½,
1950,NL,Standard,Chicago Cubs,64,89,,.418,26½,
1950,NL,Standard,Pittsburgh Pirates,57,96,,.373,33½,
1951,NL,Standard,New York Giants,98,59,,.624,0,
1951,NL,Standard,Brooklyn Dodgers,97,60,,.618,1,
1951,NL,Standard,St. Louis Cardinals,81,73,,.526,15½,
1951,NL,Standard,Boston Braves,76,78,,.494,20½,
1951,NL,Standard,Philadelphia Phillies,73,81,,.472,23½,
1951,NL,Standard,Cincinnati Reds,68,86,,.442,28½,
1951,NL,Standard,Pittsburgh Pirates,64,90,,.416,32½,
1951,NL,Standard,Chicago Cubs,62,92,,.403,34½,
1952,NL,Standard,Brooklyn Dodgers,96,57,,.627,0,
1952,NL,Standard,New York Giants,92,62,,.597,4½,
1952,NL,Standard,St. Louis Cardinals,88,66,,.571,8½,
1952,NL,Standard,Philadelphia Phillies,87,67,,.565,9½,
1952,NL,Standard,Chicago Cubs,77,77,,.500,19½,
1952,NL,Standard,Cincinnati Reds,69,85,,.448,27½,
1952,NL,Standard,Boston Braves,64,89,,.418,32,
1952,NL,Standard,Pittsburgh Pirates,42,112,,.273,54½,
1953,NL,Standard,Brooklyn Dodgers,105,49,,.682,0,
1953,NL,Standard,Milwaukee Braves,92,62,,.597,13,
1953,NL,Standard,Philadelphia Phillies,83,71,,.539,22,
1953,NL,Standard,St. Louis Cardinals,83,71,,.539,22,
1953,NL,Standard,New York Giants,70,84,,.455,35,
1953,NL,Standard,Cincinnati Redlegs,68,86,,.442,37,
1953,NL,Standard,Chicago Cubs,65,89,,.422,40,
1953,NL,Standard,Pittsburgh Pirates,50,104,,.325,55,
1954,NL,Standard,New York Giants,97,57,,.630,0,
1954,NL,Standard,Brooklyn Dodgers,92,62,,.597,5,
1954,NL,Standard,Milwaukee Braves,89,65,,.578,8,
1954,NL,Standard,Philadelphia Phillies,75,79,,.487,22,
1954,NL,Standard,Cincinnati Redlegs,74,80,,.481,23,
1954,NL,Standard,St. Louis Cardinals,72,82,,.468,25,
1954,NL,Standard,Chicago Cubs,64,90,,.416,33,
1954,NL,Standard,Pittsburgh Pirates,53,101,,.344,44,
1955,NL,Standard,Brooklyn Dodgers,98,55,,.641,0,
1955,NL,Standard,Milwaukee Braves,85,69,,.552,13½,
1955,NL,Standard,New York Giants,80,74,,.519,18½,
1955,NL,Standard,Philadelphia Phillies,77,77,,.500,21½,
1955,NL,Standard,Cincinnati Redlegs,75,79,,.487,23½,
1955,NL,Standard,Chicago Cubs,72,81,,.471,26,
1955,NL,Standard,St. Louis Cardinals,68,86,,.442,30½,
1955,NL,Standard,Pittsburgh Pirates,60,94,,.390,38½,
1956,NL,Standard,Brooklyn Dodgers,93,61,,.604,0,
1956,NL,Standard,Milwaukee Braves,92,62,,.597,1,
1956,NL,Standard,Cincinnati Redlegs,91,63,,.591,2,
1956,NL,Standard,St. Louis Cardinals,76,78,,.494,17,
1956,NL,Standard,Philadelphia Phillies,71,83,,.461,22,
1956,NL,Standard,New York Giants,67,87,,.435,26,
1956,NL,Standard,Pittsburgh Pirates,66,88,,.429,27,
1956,NL,Standard,Chicago Cubs,60,94,,.390,33,
1957,NL,Standard,Milwaukee Braves,95,59,,.617,0,
1957,NL,Standard,St. Louis Cardinals,87,67,,.565,8,
1957,NL,Standard,Brooklyn Dodgers,84,70,,.545,11,
1957,NL,Standard,Cincinnati Redlegs,80,74,,.519,15,
1957,NL,Standard,Philadelphia Phillies,77,77,,.500,18,
1957,NL,Standard,New York Giants,69,85,,.448,26,
1957,NL,Standard,Pittsburgh Pirates,62,92,,.403,33,
1957,NL,Standard,Chicago Cubs,62,92,,.403,33,
1958,NL,Standard,Milwaukee Braves,92,62,,.597,0,
1958,NL,Standard,Pittsburgh Pirates,84,70,,.545,8,
1958,NL,Standard,San Francisco Giants,80,74,,.519,12,
1958,NL,Standard,Cincinnati Redlegs,76,78,,.494,16,
1958,NL,Standard,Chicago Cubs,72,82,,.468,20,
1958,NL,Standard,St. Louis Cardinals,72,82,,.468,20,
1958,NL,Standard,Los Angeles Dodgers,71,83,,.461,21,
1958,NL,Standard,Philadelphia Phillies,69,85,,.448,23,
1959,NL,Standard,Los Angeles Dodgers,88,68,,.654,0,
1959,NL,Standard,Milwaukee Braves,86,70,,.551,1,
1959,NL,Standard,San Francisco Giants,83,71,,.539,4,
1959,NL,Standard,Pittsburgh Pirates,78,76,,.506,9,
1959,NL,Standard,Chicago Cubs,74,80,,.481,13,
1959,NL,Standard,Cincinnati Reds,74,80,,.481,13,
1959,NL,Standard,St. Louis Cardinals,71,83,,.461,16,
1959,NL,Standard,Philadelphia Phillies,64,90,,.416,23,
1960,NL,Standard,Pittsburgh Pirates,95,59,,.617,0,
1960,NL,Standard,Milwaukee Braves,88,66,,.571,7,
1960,NL,Standard,St. Louis Cardinals,86,68,,.558,9,
1960,NL,Standard,Los Angeles Dodgers,82,72,,.532,13,
1960,NL,Standard,San Francisco Giants,79,75,,.513,16,
1960,NL,Standard,Cincinnati Reds,67,87,,.435,28,
1960,NL,Standard,Chicago Cubs,60,94,,.390,35,
1960,NL,Standard,Philadelphia Phillies,59,95,,.383,36,
1961,NL,Standard,Cincinnati Reds,93,61,,.604,0,
1961,NL,Standard,Los Angeles Dodgers,89,65,,.578,4,
1961,NL,Standard,San Francisco Giants,85,69,,.552,8,
1961,NL,Standard,Milwaukee Braves,83,71,,.539,10,
1961,NL,Standard,St. Louis Cardinals,80,74,,.519,13,
1961,NL,Standard,Pittsburgh Pirates,75,79,,.487,18,
1961,NL,Standard,Chicago Cubs,64,90,,.416,29,
1961,NL,Standard,Philadelphia Phillies,47,107,,.305,46,
1962,NL,Standard,San Francisco Giants,103,62,,.624,0,
1962,NL,Standard,Los Angeles Dodgers,102,63,,.618,1,
1962,NL,Standard,Cincinnati Reds,98,64,,.605,3½,
1962,NL,Standard,Pittsburgh Pirates,93,68,,.578,8,
1962,NL,Standard,Milwaukee Braves,86,76,,.531,15½,
1962,NL,Standard,St. Louis Cardinals,84,78,,.519,17½,
1962,NL,Standard,Philadelphia Phillies,81,80,,.503,20,
1962,NL,Standard,Houston Colt .45s,64,96,,.400,36½,
1962,NL,Standard,Chicago Cubs,59,103,,.364,42½,
1962,NL,Standard,New York Mets,40,120,,.250,60½,
1963,NL,Standard,Los Angeles Dodgers,99,63,,.611,0,
1963,NL,Standard,St. Louis Cardinals,93,69,,.574,6,
1963,NL,Standard,San Francisco Giants,88,74,,.543,11,
1963,NL,Standard,Philadelphia Phillies,87,75,,.537,12,
1963,NL,Standard,Cincinnati Reds,86,76,,.531,13,
1963,NL,Standard,Milwaukee Braves,84,78,,.519,15,
1963,NL,Standard,Chicago Cubs,82,80,,.506,17,
1963,NL,Standard,Pittsburgh Pirates,74,88,,.457,25,
1963,NL,Standard,Houston Colt .45s,66,96,,.407,33,
1963,NL,Standard,New York Mets,51,111,,.315,48,
1964,NL,Standard,St. Louis Cardinals,93,69,,.574,0,
1964,NL,Standard,Cincinnati Reds,92,70,,.568,1,
1964,NL,Standard,Philadelphia Phillies,92,70,,.568,1,
1964,NL,Standard,San Francisco Giants,90,72,,.556,3,
1964,NL,Standard,Milwaukee Braves,88,74,,.543,5,
1964,NL,Standard,Los Angeles Dodgers,80,82,,.494,13,
1964,NL,Standard,Pittsburgh Pirates,80,82,,.494,13,
1964,NL,Standard,Chicago Cubs,76,86,,.469,17,
1964,NL,Standard,Houston Colt .45s,66,96,,.407,27,
1964,NL,Standard,New York Mets,53,109,,.327,40,
1965,NL,Standard,Los Angeles Dodgers,97,65,,.599,0,
1965,NL,Standard,San Francisco Giants,95,67,,.586,2,
1965,NL,Standard,Pittsburgh Pirates,90,72,,.556,7,
1965,NL,Standard,Cincinnati Reds,89,73,,.549,8,
1965,NL,Standard,Milwaukee Braves,86,76,,.531,11,
1965,NL,Standard,Philadelphia Phillies,85,76,,.528,11½,
1965,NL,Standard,St. Louis Cardinals,80,81,,.497,16½,
1965,NL,Standard,Chicago Cubs,72,90,,.444,25,
1965,NL,Standard,Houston Astros,65,97,,.401,32,
1965,NL,Standard,New York Mets,50,112,,.309,47,
1966,NL,Standard,Los Angeles Dodgers,95,67,,.586,0,
1966,NL,Standard,San Francisco Giants,93,68,,.578,1½,
1966,NL,Standard,Pittsburgh Pirates,92,70,,.568,3,
1966,NL,Standard,Philadelphia Phillies,87,75,,.537,8,
1966,NL,Standard,Atlanta Braves,85,77,,.525,10,
1966,NL,Standard,St. Louis Cardinals,83,79,,.512,12,
1966,NL,Standard,Cincinnati Reds,76,84,,.475,18,
1966,NL,Standard,Houston Astros,72,90,,.444,23,
1966,NL,Standard,New York Mets,66,95,,.410,28½,
1966,NL,Standard,Chicago Cubs,59,103,,.364,36,
1967,NL,Standard,St. Louis Cardinals,101,60,,.627,0,
1967,NL,Standard,San Francisco Giants,91,71,,.562,10½,
1967,NL,Standard,Chicago Cubs,84,74,,.540,14,
1967,NL,Standard,Cincinnati Reds,87,75,,.537,14½,
1967,NL,Standard,Philadelphia Phillies,82,80,,.506,19½,
1967,NL,Standard,Pittsburgh Pirates,81,81,,.500,20½,
1967,NL,Standard,Atlanta Braves,77,85,,.475,24½,
1967,NL,Standard,Los Angeles Dodgers,73,89,,.451,28½,
1967,NL,Standard,Houston Astros,69,93,,.426,32½,
1967,NL,Standard,New York Mets,61,101,,.377,40½,
1968,NL,Standard,St. Louis Cardinals,97,65,,.599,0,
1968,NL,Standard,San Francisco Giants,88,74,,.543,9,
1968,NL,Standard,Chicago Cubs,84,78,,.519,13,
1968,NL,Standard,Cincinnati Reds,83,79,,.512,14,
1968,NL,Standard,Atlanta Braves,81,81,,.500,16,
1968,NL,Standard,Pittsburgh Pirates,80,82,,.494,17,
1968,NL,Standard,Philadelphia Phillies,76,86,,.469,21,
1968,NL,Standard,Los Angeles Dodgers,76,86,,.469,21,
1968,NL,Standard,New York Mets,73,89,,.451,24,
1968,NL,Standard,Houston Astros,72,90,,.444,25,
1969,NL,East,New York Mets,100,62,,.617,0,
1969,NL,East,Chicago Cubs,92,70,,.568,8,
1969,NL,East,Pittsburgh Pirates,88,74,,.543,12,
1969,NL,East,St. Louis Cardinals,87,75,,.537,13,
1969,NL,East,Philadelphia Phillies,63,99,,.389,37,
1969,NL,East,Montreal Expos,52,110,,.321,48,
1969,NL,West,Atlanta Braves,93,69,,.574,0,
1969,NL,West,San Francisco Giants,90,72,,.556,3,
1969,NL,West,Cincinnati Reds,89,73,,.549,4,
1969,NL,West,Los Angeles Dodgers,85,77,,.525,8,
1969,NL,West,Houston Astros,81,81,,.500,12,
1969,NL,West,San Diego Padres,52,110,,.321,41,
1970,NL,East,Pittsburgh Pirates,89,73,,.549,0,
1970,NL,East,Chicago Cubs,84,78,,.519,5,
1970,NL,East,New York Mets,83,79,,.512,6,
1970,NL,East,St. Louis Cardinals,76,86,,.469,13,
1970,NL,East,Philadelphia Phillies,73,88,,.453,15½,
1970,NL,East,Montreal Expos,73,89,,.451,16,
1970,NL,West,Cincinnati Reds,102,60,,.630,0,
1970,NL,West,Los Angeles Dodgers,87,74,,.540,14½,
1970,NL,West,San Francisco Giants,86,76,,.531,16,
1970,NL,West,Houston Astros,79,83,,.488,23,
1970,NL,West,Atlanta Braves,76,86,,.469,26,
1970,NL,West,San Diego Padres,63,99,,.389,39,
1971,NL,East,Pittsburgh Pirates,97,65,,.599,0,
1971,NL,East,St. Louis Cardinals,90,72,,.556,7,
1971,NL,East,New York Mets,83,79,,.512,14,
1971,NL,East,Chicago Cubs,83,79,,.512,14,
1971,NL,East,Montreal Expos,71,90,,.441,25½,
1971,NL,East,Philadelphia Phillies,67,95,,.414,30,
1971,NL,West,San Francisco Giants,90,72,,.556,0,
1971,NL,West,Los Angeles Dodgers,89,73,,.549,1,
1971,NL,West,Atlanta Braves,82,80,,.506,8,
1971,NL,West,Houston Astros,79,83,,.488,11,
1971,NL,West,Cincinnati Reds,79,83,,.488,11,
1971,NL,West,San Diego Padres,61,100,,.379,28½,
1972,NL,East,Pittsburgh Pirates,96,59,,.619,0,
1972,NL,East,Chicago Cubs,85,70,,.548,11,
1972,NL,East,New York Mets,83,73,,.532,13½,
1972,NL,East,St. Louis Cardinals,75,81,,.481,21½,
1972,NL,East,Montreal Expos,70,86,,.449,26½,
1972,NL,East,Philadelphia Phillies,59,97,,.378,37½,
1972,NL,West,Cincinnati Reds,95,59,,.617,0,
1972,NL,West,Houston Astros,84,69,,.549,10½,
1972,NL,West,Los Angeles Dodgers,85,70,,.548,10½,
1972,NL,West,Atlanta Braves,70,84,,.455,25,
1972,NL,West,San Francisco Giants,69,86,,.445,26½,
1972,NL,West,San Diego Padres,58,95,,.379,36½,
1973,NL,East,New York Mets,82,79,,.509,0,
1973,NL,East,St. Louis Cardinals,81,81,,.500,1½,
1973,NL,East,Pittsburgh Pirates,80,82,,.494,2½,
1973,NL,East,Montreal Expos,79,83,,.488,3½,
1973,NL,East,Chicago Cubs,77,84,,.478,5,
1973,NL,East,Philadelphia Phillies,71,91,,.438,11½,
1973,NL,West,Cincinnati Reds,99,63,,.611,0,
1973,NL,West,Los Angeles Dodgers,95,66,,.590,3½,
1973,NL,West,San Francisco Giants,88,74,,.543,11,
1973,NL,West,Houston Astros,82,80,,.506,17,
1973,NL,West,Atlanta Braves,76,85,,.472,22½,
1973,NL,West,San Diego Padres,60,102,,.370,39,
1974,NL,East,Pittsburgh Pirates,88,74,,.543,0,
1974,NL,East,St. Louis Cardinals,86,75,,.534,1½,
1974,NL,East,Philadelphia Phillies,80,82,,.491,8,
1974,NL,East,Montreal Expos,79,82,,.491,8½,
1974,NL,East,New York Mets,71,91,,.438,17,
1974,NL,East,Chicago Cubs,66,96,,.407,22,
1974,NL,West,Los Angeles Dodgers,102,60,,.630,0,
1974,NL,West,Cincinnati Reds,98,64,,.605,4,
1974,NL,West,Atlanta Braves,88,74,,.543,14,
1974,NL,West,Houston Astros,81,81,,.500,21,
1974,NL,West,San Francisco Giants,72,90,,.444,30,
1974,NL,West,San Diego Padres,60,102,,.370,42,
1975,NL,East,Pittsburgh Pirates,92,69,,.571,0,
1975,NL,East,Philadelphia Phillies,86,76,,.531,6½,
1975,NL,East,New York Mets,82,80,,.506,10½,
1975,NL,East,St. Louis Cardinals,82,80,,.506,10½,
1975,NL,East,Montreal Expos,75,87,,.463,17½,
1975,NL,East,Chicago Cubs,75,87,,.463,17½,
1975,NL,West,Cincinnati Reds,108,54,,.667,0,
1975,NL,West,Los Angeles Dodgers,88,74,,.543,20,
1975,NL,West,San Francisco Giants,80,81,,.497,27½,
1975,NL,West,San Diego Padres,71,91,,.438,37,
1975,NL,West,Atlanta Braves,67,94,,.416,40½,
1975,NL,West,Houston Astros,64,97,,.398,43½,
1976,NL,East,Philadelphia Phillies,101,61,,.623,0,
1976,NL,East,Pittsburgh Pirates,92,70,,.568,9,
1976,NL,East,New York Mets,86,76,,.531,15,
1976,NL,East,Chicago Cubs,75,87,,.463,26,
1976,NL,East,St. Louis Cardinals,72,90,,.444,29,
1976,NL,East,Montreal Expos,55,107,,.340,46,
1976,NL,West,Cincinnati Reds,102,60,,.630,0,
1976,NL,West,Los Angeles Dodgers,92,70,,.568,10,
1976,NL,West,Houston Astros,80,82,,.494,22,
1976,NL,West,San Francisco Giants,74,88,,.457,28,
1976,NL,West,San Diego Padres,73,89,,.451,29,
1976,NL,West,Atlanta Braves,70,92,,.432,32,
1977,NL,East,Philadelphia Phillies,101,61,,.623,0,
1977,NL,East,Pittsburgh Pirates,96,66,,.593,5,
1977,NL,East,St. Louis Cardinals,83,79,,.512,18,
1977,NL,East,Chicago Cubs,81,81,,.500,20,
1977,NL,East,Montreal Expos,75,87,,.463,26,
1977,NL,East,New York Mets,64,98,,.395,37,
1977,NL,West,Los Angeles Dodgers,98,64,,.605,0,
1977,NL,West,Cincinnati Reds,88,74,,.543,10,
1977,NL,West,Houston Astros,81,81,,.500,17,
1977,NL,West,San Francisco Giants,75,87,,.463,23,
1977,NL,West,San Diego Padres,69,93,,.426,29,
1977,NL,West,Atlanta Braves,61,101,,.377,37,
1978,NL,East,Philadelphia Phillies,90,72,,.556,0,
1978,NL,East,Pittsburgh Pirates,88,73,,.547,1½,
1978,NL,East,Chicago Cubs,79,83,,.488,11,
1978,NL,East,Montreal Expos,76,86,,.469,14,
1978,NL,East,St. Louis Cardinals,69,93,,.426,21,
1978,NL,East,New York Mets,66,96,,.407,24,
1978,NL,West,Los Angeles Dodgers,95,67,,.586,0,
1978,NL,West,Cincinnati Reds,92,69,,.571,2½,
1978,NL,West,San Francisco Giants,89,73,,.549,6,
1978,NL,West,San Diego Padres,84,78,,.519,11,
1978,NL,West,Houston Astros,74,88,,.457,21,
1978,NL,West,Atlanta Braves,69,93,,.426,26,
1979,NL,East,Pittsburgh Pirates,98,64,,.605,0,
1979,NL,East,Montreal Expos,95,65,,.594,2,
1979,NL,East,St. Louis Cardinals,86,76,,.531,12,
1979,NL,East,Philadelphia Phillies,84,78,,.519,14,
1979,NL,East,Chicago Cubs,80,82,,.494,18,
1979,NL,East,New York Mets,63,99,,.389,35,
1979,NL,West,Cincinnati Reds,90,71,,.559,0,
1979,NL,West,Houston Astros,89,73,,.549,1½,
1979,NL,West,Los Angeles Dodgers,79,83,,.488,11½,
1979,NL,West,San Francisco Giants,71,91,,.438,19½,
1979,NL,West,San Diego Padres,68,93,,.422,22,
1979,NL,West,Atlanta Braves,66,94,,.413,23½,
1980,NL,East,Philadelphia Phillies,91,71,,.562,0,
1980,NL,East,Montreal Expos,90,72,,.556,1,
1980,NL,East,Pittsburgh Pirates,83,79,,.512,8,
1980,NL,East,St. Louis Cardinals,74,88,,.457,17,
1980,NL,East,New York Mets,67,95,,.414,24,
1980,NL,East,Chicago Cubs,64,98,,.395,27,
1980,NL,West,Houston Astros,93,70,,.571,0,
1980,NL,West,Los Angeles Dodgers,92,71,,.564,1,
1980,NL,West,Cincinnati Reds,89,73,,.549,3½,
1980,NL,West,Atlanta Braves,81,80,,.503,11,
1980,NL,West,San Francisco Giants,75,86,,.466,17,
1980,NL,West,San Diego Padres,73,89,,.451,19½,
1981,NL,East,St. Louis Cardinals,59,43,,.578,0,
1981,NL,East,Montreal Expos,60,48,,.556,2,
1981,NL,East,Philadelphia Phillies,59,48,,.551,2½,
1981,NL,East,Pittsburgh Pirates,46,56,,.451,13,
1981,NL,East,New York Mets,41,62,,.398,18½,
1981,NL,East,Chicago Cubs,38,65,,.369,21½,
1981,NL,West,Cincinnati Reds,66,42,,.611,0,
1981,NL,West,Los Angeles Dodgers,63,47,,.573,4,
1981,NL,West,Houston Astros,61,49,,.555,6,
1981,NL,West,San Francisco Giants,56,55,,.505,11½,
1981,NL,West,Atlanta Braves,50,56,,.472,15,
1981,NL,West,San Diego Padres,41,69,,.373,26,
1982,NL,East,St. Louis Cardinals,92,70,,.568,0,
1982,NL,East,Philadelphia Phillies,89,73,,.549,3,
1982,NL,East,Montreal Expos,86,76,,.531,6,
1982,NL,East,Pittsburgh Pirates,84,78,,.519,8,
1982,NL,East,Chicago Cubs,73,89,,.451,19,
1982,NL,East,New York Mets,65,97,,.401,27,
1982,NL,West,Atlanta Braves,89,73,,.549,0,
1982,NL,West,Los Angeles Dodgers,88,74,,.543,1,
1982,NL,West,San Francisco Giants,87,75,,.537,2,
1982,NL,West,San Diego Padres,81,81,,.500,8,
1982,NL,West,Houston Astros,77,85,,.475,12,
1982,NL,West,Cincinnati Reds,61,101,,.377,28,
1983,NL,East,Philadelphia Phillies,90,72,,.556,0,
1983,NL,East,Pittsburgh Pirates,84,78,,.519,6,
1983,NL,East,Montreal Expos,82,80,,.506,8,
1983,NL,East,St. Louis Cardinals,79,83,,.488,11,
1983,NL,East,Chicago Cubs,71,91,,.438,19,
1983,NL,East,New York Mets,68,94,,.420,22,
1983,NL,West,Los Angeles Dodgers,91,71,,.562,0,
1983,NL,West,Atlanta Braves,88,74,,.543,3,
1983,NL,West,Houston Astros,85,77,,.525,6,
1983,NL,West,San Diego Padres,81,81,,.500,10,
1983,NL,West,San Francisco Giants,79,83,,.488,12,
1983,NL,West,Cincinnati Reds,74,88,,.457,17,
1984,NL,East,Chicago Cubs,96,65,,.596,0,
1984,NL,East,New York Mets,90,72,,.556,6½,
1984,NL,East,St. Louis Cardinals,84,78,,.519,12½,
1984,NL,East,Philadelphia Phillies,81,81,,.500,15½,
1984,NL,East,Montreal Expos,78,83,,.484,18,
1984,NL,East,Pittsburgh Pirates,75,87,,.463,21½,
1984,NL,West,San Diego Padres,92,70,,.568,0,
1984,NL,West,Houston Astros,80,82,,.494,12,
1984,NL,West,Atlanta Braves,80,82,,.494,12,
1984,NL,West,Los Angeles Dodgers,79,83,,.488,13,
1984,NL,West,Cincinnati Reds,70,92,,.432,22,
1984,NL,West,San Francisco Giants,66,96,,.407,26,
1985,NL,East,St. Louis Cardinals,101,61,,.623,0,
1985,NL,East,New York Mets,98,64,,.605,3,
1985,NL,East,Montreal Expos,84,77,,.522,16½,
1985,NL,East,Chicago Cubs,77,84,,.478,23½,
1985,NL,East,Philadelphia Phillies,75,87,,.463,26,
1985,NL,East,Pittsburgh Pirates,57,104,,.354,43½,
1985,NL,West,Los Angeles Dodgers,95,67,,.586,0,
1985,NL,West,Cincinnati Reds,89,72,,.553,5½,
1985,NL,West,San Diego Padres,83,79,,.512,12,
1985,NL,West,Houston Astros,83,79,,.512,12,
1985,NL,West,Atlanta Braves,66,96,,.407,29,
1985,NL,West,San Francisco Giants,62,100,,.383,33,
1986,NL,East,New York Mets,108,54,,.667,0,
1986,NL,East,Philadelphia Phillies,86,75,,.534,21½,
1986,NL,East,St. Louis Cardinals,79,82,,.491,28½,
1986,NL,East,Montreal Expos,78,83,,.484,29½,
1986,NL,East,Chicago Cubs,70,90,,.438,37,
1986,NL,East,Pittsburgh Pirates,64,98,,.395,44,
1986,NL,West,Houston Astros,96,66,,.593,0,
1986,NL,West,Cincinnati Reds,86,76,,.531,10,
1986,NL,West,San Francisco Giants,83,79,,.512,13,
1986,NL,West,San Diego Padres,74,88,,.457,22,
1986,NL,West,Los Angeles Dodgers,73,89,,.451,23,
1986,NL,West,Atlanta Braves,72,89,,.447,23½,
1987,NL,East,St. Louis Cardinals,95,67,,.586,0,
1987,NL,East,New York Mets,92,70,,.568,3,
1987,NL,East,Montreal Expos,91,71,,.562,4,
1987,NL,East,Pittsburgh Pirates,80,82,,.494,15,
1987,NL,East,Philadelphia Phillies,80,82,,.494,15,
1987,NL,East,Chicago Cubs,76,85,,.472,18½,
1987,NL,West,San Francisco Giants,90,72,,.556,0,
1987,NL,West,Cincinnati Reds,84,78,,.519,6,
1987,NL,West,Houston Astros,76,86,,.469,14,
1987,NL,West,Los Angeles Dodgers,73,89,,.451,17,
1987,NL,West,Atlanta Braves,69,92,,.429,20½,
1987,NL,West,San Diego Padres,65,97,,.401,25,
1988,NL,East,New York Mets,100,60,,.625,0,
1988,NL,East,Pittsburgh Pirates,85,75,,.531,15,
1988,NL,East,Montreal Expos,81,81,,.500,20,
1988,NL,East,Chicago Cubs,77,86,,.475,24,
1988,NL,East,St. Louis Cardinals,76,86,,.469,25,
1988,NL,East,Philadelphia Phillies,65,96,,.404,35½,
1988,NL,West,Los Angeles Dodgers,94,67,,.584,0,
1988,NL,West,Cincinnati Reds,87,74,,.540,7,
1988,NL,West,San Diego Padres,83,78,,.516,11,
1988,NL,West,San Francisco Giants,83,79,,.512,11½,
1988,NL,West,Houston Astros,82,80,,.506,12½,
1988,NL,West,Atlanta Braves,54,106,,.338,39½,
1989,NL,East,Chicago Cubs,93,69,,.574,0,
1989,NL,East,New York Mets,87,75,,.537,6,
1989,NL,East,St. Louis Cardinals,86,76,,.531,7,
1989,NL,East,Montreal Expos,81,81,,.500,12,
1989,NL,East,Pittsburgh Pirates,74,88,,.457,19,
1989,NL,East,Philadelphia Phillies,67,95,,.414,26,
1989,NL,West,San Francisco Giants,92,70,,.568,0,
1989,NL,West,San Diego Padres,89,73,,.549,3,
1989,NL,West,Houston Astros,86,76,,.531,6,
1989,NL,West,Los Angeles Dodgers,77,83,,.481,14,
1989,NL,West,Cincinnati Reds,75,87,,.463,17,
1989,NL,West,Atlanta Braves,63,97,,.394,28,
1990,NL,East,Pittsburgh Pirates,95,67,,.586,0,
1990,NL,East,New York Mets,91,71,,.562,4,
1990,NL,East,Montreal Expos,85,77,,.525,10,
1990,NL,East,Philadelphia Phillies,77,85,,.475,18,
1990,NL,East,Chicago Cubs,77,85,,.475,18,
1990,NL,East,St. Louis Cardinals,70,92,,.432,25,
1990,NL,West,Cincinnati Reds,91,71,,.562,0,
1990,NL,West,Los Angeles Dodgers,86,76,,.531,5,
1990,NL,West,San Francisco Giants,85,77,,.525,6,
1990,NL,West,San Diego Padres,75,87,,.463,16,
1990,NL,West,Houston Astros,75,87,,.463,16,
1990,NL,West,Atlanta Braves,65,97,,.401,26,
1991,NL,East,Pittsburgh Pirates,98,64,,.605,0,
1991,NL,East,St. Louis Cardinals,84,78,,.519,14,
1991,NL,East,Philadelphia Phillies,78,84,,.481,20,
1991,NL,East,Chicago Cubs,77,83,,.481,20,
1991,NL,East,New York Mets,77,84,,.478,20½,
1991,NL,East,Montreal Expos,71,90,,.441,26½,
1991,NL,West,Atlanta Braves,94,68,,.580,0,
1991,NL,West,Los Angeles Dodgers,93,69,,.574,1,
1991,NL,West,San Diego Padres,84,78,,.519,10,
1991,NL,West,San Francisco Giants,75,87,,.463,19,
1991,NL,West,Cincinnati Reds,74,88,,.457,20,
1991,NL,West,Houston Astros,65,97,,.401,29,
1992,NL,East,Pittsburgh Pirates,96,66,,.593,0,
1992,NL,East,Montreal Expos,87,75,,.537,9,
1992,NL,East,St. Louis Cardinals,83,79,,.512,13,
1992,NL,East,Chicago Cubs,78,84,,.481,18,
1992,NL,East,New York Mets,72,90,,.444,24,
1992,NL,East,Philadelphia Phillies,70,92,,.432,26,
1992,NL,West,Atlanta Braves,98,64,,.605,0,
1992,NL,West,Cincinnati Reds,90,72,,.556,8,
1992,NL,West,San Diego Padres,82,80,,.506,16,
1992,NL,West,Houston Astros,81,81,,.500,17,
1992,NL,West,San Francisco Giants,72,90,,.444,26,
1992,NL,West,Los Angeles Dodgers,63,99,,.389,35,
1993,NL,East,Philadelphia Phillies,97,65,,.599,0,
1993,NL,East,Montreal Expos,94,68,,.580,3,
1993,NL,East,St. Louis Cardinals,87,75,,.537,10,
1993,NL,East,Chicago Cubs,84,78,,.519,13,
1993,NL,East,Pittsburgh Pirates,75,87,,.463,22,
1993,NL,East,Florida Marlins,64,98,,.395,33,
1993,NL,East,New York Mets,59,103,,.364,38,
1993,NL,West,Atlanta Braves,104,58,,.642,0,
1993,NL,West,San Francisco Giants,103,59,,.636,1,
1993,NL,West,Houston Astros,85,77,,.525,19,
1993,NL,West,Los Angeles Dodgers,81,81,,.500,23,
1993,NL,West,Cincinnati Reds,73,89,,.451,31,
1993,NL,West,Colorado Rockies,67,95,,.414,37,
1993,NL,West,San Diego Padres,61,101,,.377,43,
1994,NL,East,Montreal Expos,74,40,,.649,0,
1994,NL,East,Atlanta Braves,68,46,,.596,6,
1994,NL,East,New York Mets,55,58,,.487,18½,
1994,NL,East,Philadelphia Phillies,54,61,,.470,20½,
1994,NL,East,Florida Marlins,51,64,,.443,23½,
1994,NL,Central,Cincinnati Reds,66,48,,.579,0,
1994,NL,Central,Houston Astros,66,49,,.574,½,
1994,NL,Central,St. Louis Cardinals,53,61,,.465,13,
1994,NL,Central,Pittsburgh Pirates,53,61,,.465,13,
1994,NL,Central,Chicago Cubs,49,64,,.434,16½,
1994,NL,West,Los Angeles Dodgers,58,56,,.509,0,
1994,NL,West,San Francisco Giants,55,60,,.478,3½,
1994,NL,West,Colorado Rockies,53,64,,.453,6½,
1994,NL,West,San Diego Padres,47,70,,.402,12½,
1995,NL,East,Atlanta Braves,90,54,,.625,0,
1995,NL,East,New York Mets,69,75,,.479,21,
1995,NL,East,Philadelphia Phillies,69,75,,.479,21,
1995,NL,East,Florida Marlins,67,76,,.469,22½,
1995,NL,East,Montreal Expos,66,78,,.458,24,
1995,NL,Central,Cincinnati Reds,85,59,,.590,0,
1995,NL,Central,Houston Astros,76,68,,.528,9,
1995,NL,Central,Chicago Cubs,73,71,,.507,12,
1995,NL,Central,St. Louis Cardinals,62,81,,.434,22½,
1995,NL,Central,Pittsburgh Pirates,58,86,,.403,27,
1995,NL,West,Los Angeles Dodgers,78,66,,.542,0,
1995,NL,West,Colorado Rockies,77,67,,.535,1,
1995,NL,West,San Diego Padres,70,74,,.486,8,
1995,NL,West,San Francisco Giants,67,77,,.465,11,
1996,NL,East,Atlanta Braves,96,66,,.593,0,
1996,NL,East,Montreal Expos,88,74,,.543,8,
1996,NL,East,Florida Marlins,80,82,,.494,16,
1996,NL,East,New York Mets,71,91,,.438,25,
1996,NL,East,Philadelphia Phillies,67,95,,.414,29,
1996,NL,Central,St. Louis Cardinals,88,74,,.543,0,
1996,NL,Central,Houston Astros,82,80,,.506,6,
1996,NL,Central,Cincinnati Reds,81,81,,.500,7,
1996,NL,Central,Chicago Cubs,76,86,,.469,12,
1996,NL,Central,Pittsburgh Pirates,73,89,,.451,15,
1996,NL,West,San Diego Padres,91,71,,.562,0,
1996,NL,West,Los Angeles Dodgers,90,72,,.556,1,
1996,NL,West,Colorado Rockies,83,79,,.512,8,
1996,NL,West,San Francisco Giants,68,94,,.420,23,
1997,NL,East,Atlanta Braves,101,61,,.623,0,
1997,NL,East,Florida Marlins,92,70,,.568,9,
1997,NL,East,New York Mets,88,74,,.543,13,
1997,NL,East,Montreal Expos,78,84,,.481,23,
1997,NL,East,Philadelphia Phillies,68,94,,.420,33,
1997,NL,Central,Houston Astros,84,78,,.519,0,
1997,NL,Central,Pittsburgh Pirates,79,83,,.488,5,
1997,NL,Central,Cincinnati Reds,76,86,,.469,8,
1997,NL,Central,St. Louis Cardinals,73,89,,.451,11,
1997,NL,Central,Chicago Cubs,68,94,,.420,16,
1997,NL,West,San Francisco Giants,90,72,,.556,0,
1997,NL,West,Los Angeles Dodgers,88,74,,.543,2,
1997,NL,West,Colorado Rockies,83,79,,.512,7,
1997,NL,West,San Diego Padres,76,86,,.469,21,
1998,NL,East,Atlanta Braves,106,56,,.654,0,
1998,NL,East,New York Mets,88,74,,.543,18,
1998,NL,East,Philadelphia Phillies,75,87,,.463,31,
1998,NL,East,Montreal Expos,65,97,,.401,41,
1998,NL,East,Florida Marlins,54,108,,.333,52,
1998,NL,Central,Houston Astros,102,60,,.630,0,
1998,NL,Central,Chicago Cubs,90,73,,.552,12½,
1998,NL,Central,St. Louis Cardinals,83,79,,.512,19,
1998,NL,Central,Cincinnati Reds,77,85,,.475,25,
1998,NL,Central,Milwaukee Brewers,74,88,,.457,28,
1998,NL,Central,Pittsburgh Pirates,69,93,,.426,29½,
1998,NL,West,San Diego Padres,98,64,,.605,0,
1998,NL,West,San Francisco Giants,89,74,,.546,9½,
1998,NL,West,Los Angeles Dodgers,83,79,,.512,15,
1998,NL,West,Colorado Rockies,77,85,,.475,21,
1998,NL,West,Arizona Diamondbacks,65,97,,.401,33,
1999,NL,East,Atlanta Braves,103,59,,.636,0,
1999,NL,East,New York Mets,97,66,,.595,6½,
1999,NL,East,Philadelphia Phillies,77,85,,.475,26,
1999,NL,East,Montreal Expos,68,94,,.420,35,
1999,NL,East,Florida Marlins,64,98,,.395,39,
1999,NL,Central,Houston Astros,97,65,,.599,0,
1999,NL,Central,Cincinnati Reds,96,67,,.589,1½,
1999,NL,Central,Pittsburgh Pirates,78,83,,.484,18½,
1999,NL,Central,St. Louis Cardinals,75,86,,.466,21½,
1999,NL,Central,Milwaukee Brewers,74,87,,.460,22½,
1999,NL,Central,Chicago Cubs,67,95,,.414,30,
1999,NL,West,Arizona Diamondbacks,100,62,,.617,0,
1999,NL,West,San Francisco Giants,86,76,,.531,14,
1999,NL,West,Los Angeles Dodgers,77,85,,.475,23,
1999,NL,West,San Diego Padres,74,88,,.457,26,
1999,NL,West,Colorado Rockies,72,90,,.444,28,
2000,NL,East,Atlanta Braves,95,67,,.586,0,
2000,NL,East,New York Mets,94,68,,.580,1,
2000,NL,East,Florida Marlins,79,82,,.491,15½,
2000,NL,East,Montreal Expos,67,95,,.414,28,
2000,NL,East,Philadelphia Phillies,65,97,,.401,30,
2000,NL,Central,St. Louis Cardinals,95,67,,.586,0,
2000,NL,Central,Cincinnati Reds,85,77,,.525,10,
2000,NL,Central,Milwaukee Brewers,73,89,,.451,22,
2000,NL,Central,Houston Astros,72,90,,.444,23,
2000,NL,Central,Pittsburgh Pirates,69,93,,.426,26,
2000,NL,Central,Chicago Cubs,65,97,,.401,30,
2000,NL,West,San Francisco Giants,97,65,,.599,0,
2000,NL,West,Los Angeles Dodgers,86,76,,.531,11,
2000,NL,West,Arizona Diamondbacks,85,77,,.525,12,
2000,NL,West,Colorado Rockies,82,80,,.506,15,
2000,NL,West,San Diego Padres,76,86,,.469,21,
2001,NL,East,Atlanta Braves,88,74,,.543,0,
2001,NL,East,Philadelphia Phillies,86,76,,.531,2,
2001,NL,East,New York Mets,82,80,,.506,6,
2001,NL,East,Florida Marlins,76,86,,.469,12,
2001,NL,East,Montreal Expos,68,94,,.420,20,
2001,NL,Central,Houston Astros,93,69,,.574,0,
2001,NL,Central,St. Louis Cardinals,93,69,,.574,0,
2001,NL,Central,Chicago Cubs,88,74,,.543,5,
2001,NL,Central,Milwaukee Brewers,68,94,,.420,25,
2001,NL,Central,Cincinnati Reds,66,96,,.407,27,
2001,NL,Central,Pittsburgh Pirates,62,100,,.383,31,
2001,NL,West,Arizona Diamondbacks,92,70,,.568,0,
2001,NL,West,San Francisco Giants,90,72,,.556,2,
2001,NL,West,Los Angeles Dodgers,86,76,,.531,6,
2001,NL,West,San Diego Padres,79,83,,.488,13,
2001,NL,West,Colorado Rockies,73,89,,.451,19,
2002,NL,East,Atlanta Braves,101,59,,.631,0,
2002,NL,East,Montreal Expos,83,79,,.512,19,
2002,NL,East,Philadelphia Phillies,80,81,,.497,21½,
2002,NL,East,Florida Marlins,79,83,,.488,23,
2002,NL,East,New York Mets,75,86,,.466,26½,
2002,NL,Central,St. Louis Cardinals,97,65,,.599,0,
2002,NL,Central,Houston Astros,84,78,,.519,13,
2002,NL,Central,Cincinnati Reds,78,84,,.481,19,
2002,NL,Central,Pittsburgh Pirates,72,89,,.447,24½,
2002,NL,Central,Chicago Cubs,67,95,,.414,30,
2002,NL,Central,Milwaukee Brewers,56,106,,.346,41,
2002,NL,West,Arizona Diamondbacks,98,64,,.605,0,
2002,NL,West,San Francisco Giants,95,66,,.590,2½,
2002,NL,West,Los Angeles Dodgers,92,70,,.568,6,
2002,NL,West,Colorado Rockies,73,89,,.451,25,
2002,NL,West,San Diego Padres,66,96,,.407,32,
2003,NL,East,Atlanta Braves,101,61,,.623,0,
2003,NL,East,Florida Marlins,91,71,,.562,10,
2003,NL,East,Philadelphia Phillies,86,76,,.531,15,
2003,NL,East,Montreal Expos,83,79,,.512,18,
2003,NL,East,New York Mets,66,95,,.410,34½,
2003,NL,Central,Chicago Cubs,88,74,,.543,0,
2003,NL,Central,Houston Astros,87,75,,.537,1,
2003,NL,Central,St. Louis Cardinals,85,77,,.525,3,
2003,NL,Central,Pittsburgh Pirates,75,87,,.463,13,
2003,NL,Central,Cincinnati Reds,69,93,,.426,19,
2003,NL,Central,Milwaukee Brewers,68,94,,.420,20,
2003,NL,West,San Francisco Giants,100,61,,.621,0,
2003,NL,West,Los Angeles Dodgers,85,77,,.525,15½,
2003,NL,West,Arizona Diamondbacks,84,78,,.519,16½,
2003,NL,West,Colorado Rockies,74,88,,.457,26½,
2003,NL,West,San Diego Padres,64,98,,.395,36½,
2004,NL,East,Atlanta Braves,96,66,,.593,0,88507788
2004,NL,East,Philadelphia Phillies,86,76,,.531,10,93219167
2004,NL,East,Florida Marlins,83,79,,.512,13,42118042
2004,NL,East,New York Mets,71,91,,.438,25,100629303
2004,NL,East,Montreal Expos,67,95,,.414,29,43197500
2004,NL,Central,St. Louis Cardinals,105,57,,.648,0,75633517
2004,NL,Central,Houston Astros,92,70,,.568,13,74666303
2004,NL,Central,Chicago Cubs,89,73,,.549,16,91101667
2004,NL,Central,Cincinnati Reds,76,86,,.469,29,43067858
2004,NL,Central,Pittsburgh Pirates,72,89,,.447,32½,32227929
2004,NL,Central,Milwaukee Brewers,67,94,,.416,37½,27518500
2004,NL,West,Los Angeles Dodgers,93,69,,.574,0,89694167
2004,NL,West,San Francisco Giants,91,71,,.562,2,82019167
2004,NL,West,San Diego Padres,87,75,,.537,6,54639503
2004,NL,West,Colorado Rockies,68,94,,.420,25,64590403
2004,NL,West,Arizona Diamondbacks,51,111,,.315,42,70204984
2005,NL,East,Atlanta Braves,90,72,,.556,0,86457302
2005,NL,East,Philadelphia Phillies,88,74,,.543,2,95522000
2005,NL,East,Florida Marlins,83,79,,.512,7,60408823
2005,NL,East,New York Mets,83,79,,.512,7,101305821
2005,NL,East,Washington Nationals,81,81,,.500,9,48581500
2005,NL,Central,St. Louis Cardinals,100,62,,.617,0,92106833
2005,NL,Central,Houston Astros,89,73,,.549,11,76779000
2005,NL,Central,Milwaukee Brewers,81,81,,.500,19,39934833
2005,NL,Central,Chicago Cubs,79,83,,.488,21,87032933
2005,NL,Central,Cincinnati Reds,73,89,,.451,27,61892583
2005,NL,Central,Pittsburgh Pirates,67,95,,.414,33,38133000
2005,NL,West,San Diego Padres,82,80,,.506,0,63290833
2005,NL,West,Arizona Diamondbacks,77,85,,.475,5,62329166
2005,NL,West,San Francisco Giants,75,87,,.463,7,90199500
2005,NL,West,Los Angeles Dodgers,71,91,,.438,11,83039000
2005,NL,West,Colorado Rockies,67,95,,.414,15,48155000
2006,NL,East,New York Mets,97,65,,.599,0,101084963
2006,NL,East,Philadelphia Phillies,85,77,,.525,12,88273333
2006,NL,East,Atlanta Braves,79,83,,.488,18,90156876
2006,NL,East,Florida Marlins,78,84,,.481,19,14998500
2006,NL,East,Washington Nationals,71,91,,.438,26,63143000
2006,NL,Central,St. Louis Cardinals,83,78,,.516,0,88891371
2006,NL,Central,Houston Astros,82,80,,.506,1½,92551503
2006,NL,Central,Cincinnati Reds,80,82,,.494,3½,60909519
2006,NL,Central,Milwaukee Brewers,75,87,,.463,8½,57568333
2006,NL,Central,Pittsburgh Pirates,67,95,,.414,16½,46717750
2006,NL,Central,Chicago Cubs,66,96,,.407,17½,94424499
2006,NL,West,San Diego Padres,88,74,,.543,0,69896141
2006,NL,West,Los Angeles Dodgers,88,74,,.543,0,98447187
2006,NL,West,San Francisco Giants,76,85,,.472,11½,90056419
2006,NL,West,Arizona Diamondbacks,76,86,,.469,12,59684226
2006,NL,West,Colorado Rockies,76,86,,.469,12,41233000
2007,NL,East,Philadelphia Phillies,89,73,,.549,0,89428213
2007,NL,East,New York Mets,88,74,,.543,1,115231663
2007,NL,East,Atlanta Braves,84,78,,.519,5,87290833
2007,NL,East,Washington Nationals,73,89,,.451,16,37347500
2007,NL,East,Florida Marlins,71,91,,.438,18,30507000
2007,NL,Central,Chicago Cubs,85,77,,.525,0,99670332
2007,NL,Central,Milwaukee Brewers,83,79,,.512,2,70986500
2007,NL,Central,St. Louis Cardinals,78,84,,.481,7,90286823
2007,NL,Central,Houston Astros,73,89,,.451,12,87759000
2007,NL,Central,Cincinnati Reds,72,90,,.444,13,68904980
2007,NL,Central,Pittsburgh Pirates,68,94,,.420,17,38537833
2007,NL,West,Arizona Diamondbacks,90,72,,.556,0,52067546
2007,NL,West,Colorado Rockies,90,73,,.552,½,54424000
2007,NL,West,San Diego Padres,89,74,,.546,1½,58110567
2007,NL,West,Los Angeles Dodgers,82,80,,.506,8,108454524
2007,NL,West,San Francisco Giants,71,91,,.438,19,90219056
2008,NL,East,Philadelphia Phillies,92,70,,.568,0,98269881
2008,NL,East,New York Mets,89,73,,.549,3,138293378
2008,NL,East,Florida Marlins,84,77,,.522,7½,21836500
2008,NL,East,Atlanta Braves,72,90,,.444,20,102424018
2008,NL,East,Washington Nationals,59,102,,.366,32½,54961000
2008,NL,Central,Chicago Cubs,97,64,,.602,0,118595833
2008,NL,Central,Milwaukee Brewers,90,72,,.556,7½,81004167
2008,NL,Central,Houston Astros,86,75,,.534,11,88930415
2008,NL,Central,St. Louis Cardinals,86,76,,.531,11½,100624450
2008,NL,Central,Cincinnati Reds,74,88,,.457,23½,74277685
2008,NL,Central,Pittsburgh Pirates,67,95,,.414,30½,49365283
2008,NL,West,Los Angeles Dodgers,84,78,,.519,0,118536038
2008,NL,West,Arizona Diamondbacks,82,80,,.506,2,66202713
2008,NL,West,Colorado Rockies,74,88,,.457,10,68655500
2008,NL,West,San Francisco Giants,72,90,,.444,12,76904500
2008,NL,West,San Diego Padres,63,99,,.389,21,73677617
2009,NL,East,Philadelphia Phillies,93,69,,.574,0,113004046
2009,NL,East,Florida Marlins,87,75,,.537,6,36834000
2009,NL,East,Atlanta Braves,86,76,,.531,7,96726166
2009,NL,East,New York Mets,70,92,,.432,23,149373987
2009,NL,East,Washington Nationals,59,103,,.364,34,60328000
2009,NL,Central,St. Louis Cardinals,91,71,,.562,0,77605109
2009,NL,Central,Chicago Cubs,83,78,,.516,7½,134809000
2009,NL,Central,Milwaukee Brewers,80,82,,.494,11,80182502
2009,NL,Central,Cincinnati Reds,78,84,,.481,13,73558500
2009,NL,Central,Houston Astros,74,88,,.457,17,102996414
2009,NL,Central,Pittsburgh Pirates,62,99,,.385,28½,48693001
2009,NL,West,Los Angeles Dodgers,95,67,,.586,0,100414592
2009,NL,West,Colorado Rockies,92,70,,.568,3,75201000
2009,NL,West,San Francisco Giants,88,74,,.543,7,82616450
2009,NL,West,San Diego Padres,75,87,,.463,20,43734200
2009,NL,West,Arizona Diamondbacks,70,92,,.432,25,73516666
2010,NL,East,Philadelphia Phillies,97,65,,.599,0,141927381
2010,NL,East,Atlanta Braves,91,71,,.562,6,84423667
2010,NL,East,Florida Marlins,80,82,,.494,17,55641500
2010,NL,East,New York Mets,79,83,,.488,18,132701445
2010,NL,East,Washington Nationals,69,93,,.426,28,61425000
2010,NL,Central,Cincinnati Reds,91,71,,.562,0,72386544
2010,NL,Central,St. Louis Cardinals,86,76,,.531,5,93540753
2010,NL,Central,Milwaukee Brewers,77,85,,.475,14,81108279
2010,NL,Central,Houston Astros,76,86,,.469,15,92355500
2010,NL,Central,Chicago Cubs,75,87,,.463,16,146859000
2010,NL,Central,Pittsburgh Pirates,57,105,,.352,34,34943000
2010,NL,West,San Francisco Giants,92,70,,.568,0,97828833
2010,NL,West,San Diego Padres,90,72,,.556,2,37799300
2010,NL,West,Colorado Rockies,83,79,,.512,9,84227000
2010,NL,West,Los Angeles Dodgers,80,82,,.494,12,94945517
2010,NL,West,Arizona Diamondbacks,65,97,,.401,27,60718167
2011,NL,East,Philadelphia Phillies,102,60,,.630,0,172976379
2011,NL,East,Atlanta Braves,89,73,,.549,13,87002692
2011,NL,East,Washington Nationals,80,81,,.497,21½,63856928
2011,NL,East,New York Mets,77,85,,.475,25,118847309
2011,NL,East,Florida Marlins,72,90,,.444,30,56944000
2011,NL,Central,Milwaukee Brewers,96,66,,.593,0,85497333
2011,NL,Central,St. Louis Cardinals,90,72,,.556,6,105433572
2011,NL,Central,Cincinnati Reds,79,83,,.488,17,75947134
2011,NL,Central,Pittsburgh Pirates,72,90,,.444,24,45047000
2011,NL,Central,Chicago Cubs,71,91,,.438,25,125047329
2011,NL,Central,Houston Astros,56,106,,.346,40,70694000
2011,NL,West,Arizona Diamondbacks,94,68,,.580,0,53639833
2011,NL,West,San Francisco Giants,86,76,,.531,8,118198333
2011,NL,West,Los Angeles Dodgers,82,79,,.509,11½,104188999
2011,NL,West,Colorado Rockies,73,89,,.451,21,88148071
2011,NL,West,San Diego Padres,71,91,,.438,23,45869140
2012,NL,East,Washington Nationals,98,64,,.605,0,81336143
2012,NL,East,Atlanta Braves,94,68,,.580,4,83309942
2012,NL,East,Philadelphia Phillies,81,81,,.500,17,174538938
2012,NL,East,New York Mets,74,88,,.457,24,93353983
2012,NL,East,Miami Marlins,69,93,,.426,29,118078000
2012,NL,Central,Cincinnati Reds,97,65,,.599,0,82203616
2012,NL,Central,St. Louis Cardinals,88,74,,.543,9,110300862
2012,NL,Central,Milwaukee Brewers,83,79,,.512,14,97653944
2012,NL,Central,Pittsburgh Pirates,79,83,,.488,18,63431999
2012,NL,Central,Chicago Cubs,61,101,,.377,36,88197033
2012,NL,Central,Houston Astros,55,107,,.340,42,60651000
2012,NL,West,San Francisco Giants,94,68,,.580,0,117620683
2012,NL,West,Los Angeles Dodgers,86,76,,.531,8,95143575
2012,NL,West,Arizona Diamondbacks,81,81,,.500,13,74284833
2012,NL,West,San Diego Padres,76,86,,.469,18,55244700
2012,NL,West,Colorado Rockies,64,98,,.395,30,78069571
2013,NL,East,Atlanta Braves,96,66,,.593,0,
2013,NL,East,Washington Nationals,86,76,,.531,10,
2013,NL,East,New York Mets,74,88,,.457,22,
2013,NL,East,Philadelphia Phillies,73,89,,.451,23,
2013,NL,East,Miami Marlins,62,100,,.383,34,
2013,NL,Central,St. Louis Cardinals,97,65,,.599,0,
2013,NL,Central,Pittsburgh Pirates,94,68,,.580,3,
2013,NL,Central,Cincinnati Reds,90,72,,.556,7,
2013,NL,Central,Milwaukee Brewers,74,88,,.457,23,
2013,NL,Central,Chicago Cubs,66,96,,0,.407,
2013,NL,West,Los Angeles Dodgers,92,70,,.568,0,
2013,NL,West,Arizona Diamondbacks,81,81,,.500,11,
2013,NL,West,San Diego Padres,76,86,,.469,16,
2013,NL,West,San Francisco Giants,76,86,,.469,16,
2013,NL,West,Colorado Rockies,74,88,,.457,18,
2014,NL,East,Washington Nationals,96,66,,.593,0,134704437
2014,NL,East,Atlanta Braves,79,83,,.488,17,110897341
2014,NL,East,New York Mets,79,83,,.488,17,89051758
2014,NL,East,Miami Marlins,77,85,,.475,19,47565400
2014,NL,East,Philadelphia Phillies,73,89,,.451,23,180052723
2014,NL,Central,St. Louis Cardinals,90,72,,.556,0,111020360
2014,NL,Central,Pittsburgh Pirates,88,74,,.543,2,78111667
2014,NL,Central,Milwaukee Brewers,82,80,,.506,8,103844806
2014,NL,Central,Cincinnati Reds,76,86,,.469,14,112390772
2014,NL,Central,Chicago Cubs,73,89,,.451,17,89007857
2014,NL,West,Los Angeles Dodgers,94,68,,.580,0,235295219
2014,NL,West,San Francisco Giants,88,74,,.543,6,154185878
2014,NL,West,San Diego Padres,77,85,,.475,17,90094196
2014,NL,West,Colorado Rockies,66,96,,.407,28,95832071
2014,NL,West,Arizona Diamondbacks,64,98,,.395,30,112688666
2015,NL,East,New York Mets,90,72,,0,.556,
2015,NL,East,Washington Nationals,83,79,,0,.512,
2015,NL,East,Miami Marlins,71,91,,0,.438,
2015,NL,East,Atlanta Braves,67,95,,0,.414,
2015,NL,East,Philadelphia Phillies,63,99,,0,.389,
2015,NL,Central,St. Louis Cardinals,100,62,,0,.617,
2015,NL,Central,Pittsburgh Pirates,98,64,,0,.605,
2015,NL,Central,Chicago Cubs,97,65,,0,.599,
2015,NL,Central,Milwaukee Brewers,68,94,,0,.420,
2015,NL,Central,Cincinnati Reds,64,98,,0,.395,
2015,NL,West,Los Angeles Dodgers,92,70,,0,.568,
2015,NL,West,San Francisco Giants,84,78,,0,.519,
2015,NL,West,Arizona Diamondbacks,79,83,,0,.488,
2015,NL,West,San Diego Padres,74,88,,0,.457,
2015,NL,West,Colorado Rockies,68,94,,0,.420,
2016,NL,East,Washington Nationals,95,67,,0,.586,
2016,NL,East,New York Mets,87,75,,0,.537,
2016,NL,East,Miami Marlins,79,82,,0,.491,
2016,NL,East,Philadelphia Phillies,71,91,,0,.438,
2016,NL,East,Atlanta Braves,68,93,,0,.422,
2016,NL,Central,Chicago Cubs,103,58,,0,.640,
2016,NL,Central,St. Louis Cardinals,86,76,,0,.531,
2016,NL,Central,Pittsburgh Pirates,78,83,,0,.484,
2016,NL,Central,Milwaukee Brewers,73,89,,0,.451,
2016,NL,Central,Cincinnati Reds,68,94,,0,.420,
2016,NL,West,Los Angeles Dodgers,91,71,,0,.562,
2016,NL,West,San Francisco Giants,87,75,,0,.537,
2016,NL,West,Colorado Rockies,75,87,,0,.463,
2016,NL,West,Arizona Diamondbacks,69,93,,0,.426,
2016,NL,West,San Diego Padres,68,94,,0,.420,
2017,NL,East,Washington Nationals,97,65,,0,.599,
2017,NL,East,Miami Marlins,77,85,,0,.475,
2017,NL,East,Atlanta Braves,72,90,,0,.444,
2017,NL,East,New York Mets,70,92,,0,.432,
2017,NL,East,Philadelphia Phillies,66,96,,0,.407,
2017,NL,Central,Chicago Cubs,92,70,,0,.568,
2017,NL,Central,Milwaukee Brewers,86,76,,0,.531,
2017,NL,Central,St. Louis Cardinals,83,79,,0,.512,
2017,NL,Central,Pittsburgh Pirates,75,87,,0,.463,
2017,NL,Central,Cincinnati Reds,68,94,,0,.420,
2017,NL,West,Los Angeles Dodgers,104,58,,0,.642,
2017,NL,West,Arizona Diamondbacks,93,69,,0,.574,
2017,NL,West,Colorado Rockies,87,75,,0,.537,
2017,NL,West,San Diego Padres,71,91,,0,.438,
2017,NL,West,San Francisco Giants,64,98,,0,.395,
2018,NL,East,Atlanta Braves,90,72,,0,.556,
2018,NL,East,Washington Nationals,82,80,,0,.506,
2018,NL,East,Philadelphia Phillies,80,82,,0,.494,
2018,NL,East,New York Mets,77,85,,0,.475,
2018,NL,East,Miami Marlins,63,98,,0,.391,
2018,NL,Central,Milwaukee Brewers,96,67,,0,.589,
2018,NL,Central,Chicago Cubs,95,68,,0,.583,
2018,NL,Central,St. Louis Cardinals,88,74,,0,.543,
2018,NL,Central,Pittsburgh Pirates,82,79,,0,.509,
2018,NL,Central,Cincinnati Reds,67,95,,0,.414,
2018,NL,West,Los Angeles Dodgers,92,71,,0,.564,
2018,NL,West,Colorado Rockies,91,72,,0,.558,
2018,NL,West,Arizona Diamondbacks,82,80,,0,.506,
2018,NL,West,San Francisco Giants,73,89,,0,.451,
2018,NL,West,San Diego Padres,66,96,,0,.407,
2019,NL,East,Atlanta Braves,97,65,,.599,0,113778369
2019,NL,East,Washington Nationals,93,69,,.574,4.0,161877935
2019,NL,East,New York Mets,86,76,,.531,11.0,158999270
2019,NL,East,Philadelphia Phillies,81,81,,.500,16.0,140711962
2019,NL,East,Miami Marlins,57,105,,.352,40.0,72449404
2019,NL,Central,St. Louis Cardinals,91,71,,.562,0,162830430
2019,NL,Central,Milwaukee Brewers,89,73,,.549,2.0,124755400
2019,NL,Central,Chicago Cubs,84,78,,.519,7.0,210358488
2019,NL,Central,Cincinnati Reds,75,87,,.463,16.0,126423214
2019,NL,Central,Pittsburgh Pirates,69,93,,.426,22.0,76589154
2019,NL,West,Los Angeles Dodgers,106,56,,.654,0,196729548
2019,NL,West,Arizona Diamondbacks,85,77,,.525,21.0,123932983
2019,NL,West,San Francisco Giants,77,85,,.475,29.0,178286222
2019,NL,West,Colorado Rockies,71,91,,.438,35.0,147433009
2019,NL,West,San Diego Padres,70,92,,.432,36.0,99205017
2020,NL,East,Atlanta Braves,35,25,,0,.583,
2020,NL,East,Miami Marlins,31,29,,0,.517,
2020,NL,East,Philadelphia Phillies,28,32,,0,.467,
2020,NL,East,New York Mets,26,34,,0,.433,
2020,NL,East,Washington Nationals,26,34,,0,.433,
2020,NL,Central,Chicago Cubs,34,26,,0,.567,
2020,NL,Central,Cincinnati Reds,31,29,,0,.517,
2020,NL,Central,St. Louis Cardinals,30,28,,0,.517,
2020,NL,Central,Milwaukee Brewers,29,31,,0,.483,
2020,NL,Central,Pittsburgh Pirates,19,41,,0,.317,
2020,NL,West,Los Angeles Dodgers,43,17,,0,.717,
2020,NL,West,San Diego Padres,37,23,,0,.617,
2020,NL,West,San Francisco Giants,29,31,,0,.483,
2020,NL,West,Colorado Rockies,26,34,,0,.433,
2020,NL,West,Arizona Diamondbacks,25,35,,0,.417,
2021,NL,East,Atlanta Braves,88,73,,0,.547,
2021,NL,East,Philadelphia Phillies,82,80,,0,.506,
2021,NL,East,New York Mets,77,85,,0,.475,
2021,NL,East,Miami Marlins,67,95,,0,.414,
2021,NL,East,Washington Nationals,65,97,,0,.401,
2021,NL,Central,Milwaukee Brewers,95,67,,0,.586,
2021,NL,Central,St. Louis Cardinals,90,72,,0,.556,
2021,NL,Central,Cincinnati Reds,83,79,,0,.512,
2021,NL,Central,Chicago Cubs,71,91,,0,.438,
2021,NL,Central,Pittsburgh Pirates,61,101,,0,.377,
2021,NL,West,San Francisco Giants,107,55,,0,.660,
2021,NL,West,Los Angeles Dodgers,106,56,,0,.654,
2021,NL,West,San Diego Padres,79,83,,0,.488,
2021,NL,West,Colorado Rockies,74,87,,0,.460,
2021,NL,West,Arizona Diamondbacks,52,110,,0,.321,
2022,NL,East,Atlanta Braves,101,61,,0,.623,
2022,NL,East,New York Mets,101,61,,0,.623,
2022,NL,East,Philadelphia Phillies,87,75,,0,.537,
2022,NL,East,Miami Marlins,69,93,,0,.426,
2022,NL,East,Washington Nationals,55,107,,0,.340,
2022,NL,Central,St. Louis Cardinals,93,69,,0,.574,
2022,NL,Central,Milwaukee Brewers,86,76,,0,.531,
2022,NL,Central,Chicago Cubs,74,88,,0,.457,
2022,NL,Central,Cincinnati Reds,62,100,,0,.383,
2022,NL,Central,Pittsburgh Pirates,62,100,,0,.383,
2022,NL,West,Los Angeles Dodgers,111,51,,0,.685,
2022,NL,West,San Diego Padres,89,73,,0,.549,
2022,NL,West,San Francisco Giants,81,81,,0,.500,
2022,NL,West,Arizona Diamondbacks,74,88,,0,.457,
2022,NL,West,Colorado Rockies,68,94,,0,.420,
2023,NL,East,Atlanta Braves,104,58,,0,.642,
2023,NL,East,Philadelphia Phillies,90,72,,0,.556,
2023,NL,East,Miami Marlins,84,78,,0,.519,
2023,NL,East,New York Mets,75,87,,0,.463,
2023,NL,East,Washington Nationals,71,91,,0,.438,
2023,NL,Central,Milwaukee Brewers,92,70,,0,.568,
2023,NL,Central,Chicago Cubs,83,79,,0,.512,
2023,NL,Central,Cincinnati Reds,82,80,,0,.506,
2023,NL,Central,Pittsburgh Pirates,76,86,,0,.469,
2023,NL,Central,St. Louis Cardinals,71,91,,0,.438,
2023,NL,West,Los Angeles Dodgers,100,62,,0,.617,
2023,NL,West,Arizona Diamondbacks,84,78,,0,.519,
2023,NL,West,San Diego Padres,82,80,,0,.506,
2023,NL,West,San Francisco Giants,79,83,,0,.488,
2023,NL,West,Colorado Rockies,59,103,,0,.364,
2024,NL,East,Philadelphia Phillies,95,67,,0,.586,
2024,NL,East,Atlanta Braves,89,73,,0,.549,
2024,NL,East,New York Mets,89,73,,0,.549,
2024,NL,East,Washington Nationals,71,91,,0,.438,
2024,NL,East,Miami Marlins,62,100,,0,.383,
2024,NL,Central,Milwaukee Brewers,93,69,,0,.574,
2024,NL,Central,Chicago Cubs,83,79,,0,.512,
2024,NL,Central,St. Louis Cardinals,83,79,,0,.512,
2024,NL,Central,Cincinnati Reds,77,85,,0,.475,
2024,NL,Central,Pittsburgh Pirates,76,86,,0,.469,
2024,NL,West,Los Angeles Dodgers,98,64,,0,.605,
2024,NL,West,San Diego Padres,93,69,,0,.574,
2024,NL,West,Arizona Diamondbacks,89,73,,0,.549,
2024,NL,West,San Francisco Giants,80,82,,0,.494,
2024,NL,West,Colorado Rockies,61,101,,0,.377,
2025,NL,East,Philadelphia Phillies,96,66,,0,.593,
2025,NL,East,New York Mets,83,79,,0,.512,
2025,NL,East,Miami Marlins,79,83,,0,.488,
2025,NL,East,Atlanta Braves,76,86,,0,.469,
2025,NL,East,Washington Nationals,66,96,,0,.407,
2025,NL,Central,Milwaukee Brewers,97,65,,0,.599,
2025,NL,Central,Chicago Cubs,92,70,,0,.568,
2025,NL,Central,Cincinnati Reds,83,79,,0,.512,
2025,NL,Central,St. Louis Cardinals,78,84,,0,.481,
2025,NL,Central,Pittsburgh Pirates,71,91,,0,.438,
2025,NL,West,Los Angeles Dodgers,93,69,,0,.574,
2025,NL,West,San Diego Padres,90,72,,0,.556,
2025,NL,West,San Francisco Giants,81,81,,0,.500,
2025,NL,West,Arizona Diamondbacks,80,82,,0,.494,
2025,NL,West,Colorado Rockies,43,119,,0,.265,
